ModelName;InteractionSize;T;Algorithm;Time;Time;Configurations;Configurations;ModelIteration;NoResult;OutOfMemory;CorrectlyFoundLiteralsCount;CorrectlyFoundLiteralsCount;MissedLiteralsCount;MissedLiteralsCount
;;;;median;max;median;max;count;sum;sum;median;max;median;max
APL;1;1;Inciident;0.033;0.038;7.0;8.0;100;0;0;8.0;11.0;0.0;0.0
APL;1;1;Random;0.023;0.036;11.0;44.0;100;0;0;8.0;11.0;0.0;0.0
APL;1;1;iident;0.033;0.039;7.0;8.0;100;0;0;8.0;11.0;0.0;0.0
APL;1;2;Inciident;0.0455;0.073;11.0;15.0;100;0;0;8.0;11.0;0.0;0.0
APL;1;2;Random;0.033;0.056;18.0;74.0;100;24;0;9.0;11.0;0.0;0.0
APL;1;2;iident;0.067;0.086;9.0;11.0;100;10;0;8.0;11.0;0.0;0.0
APL;1;3;Inciident;0.046;0.073;13.0;17.0;100;0;0;8.0;11.0;0.0;0.0
APL;1;3;Random;0.033;0.067;13.5;98.0;100;42;0;9.0;11.0;0.0;0.0
APL;1;3;iident;0.1;0.12;10.0;13.0;100;20;0;8.0;11.0;0.0;0.0
APL;2;1;Inciident;0.031;0.041;6.0;8.0;100;53;0;8.0;14.0;1.0;6.0
APL;2;1;Random;0.02;0.037;8.0;44.0;100;58;0;7.0;14.0;1.0;6.0
APL;2;1;iident;0.031;0.038;6.0;8.0;100;53;0;8.0;14.0;1.0;6.0
APL;2;2;Inciident;0.051;0.074;11.0;15.0;100;0;0;9.0;15.0;0.0;0.0
APL;2;2;Random;0.0435;0.056;74.0;74.0;100;0;0;9.0;15.0;0.0;0.0
APL;2;2;iident;0.066;0.088;10.0;11.0;100;0;0;9.0;15.0;0.0;0.0
APL;2;3;Inciident;0.055;0.1;13.0;22.0;100;0;0;9.0;15.0;0.0;0.0
APL;2;3;Random;0.0495;0.093;57.0;98.0;100;12;0;10.0;15.0;0.0;0.0
APL;2;3;iident;0.103;0.139;11.0;16.0;100;3;0;9.0;15.0;0.0;0.0
APL;3;1;Inciident;0.029;0.037;6.0;8.0;100;71;0;8.0;14.0;3.0;8.0
APL;3;1;Random;0.018;0.025;7.0;25.0;100;82;0;7.0;9.0;3.0;8.0
APL;3;1;iident;0.029;0.037;6.0;8.0;100;71;0;8.0;14.0;3.0;8.0
APL;3;2;Inciident;0.056;0.083;11.0;15.0;100;34;0;10.0;16.0;0.0;6.0
APL;3;2;Random;0.033;0.057;20.0;74.0;100;51;0;10.0;16.0;0.0;4.0
APL;3;2;iident;0.066;0.082;9.0;12.0;100;35;0;10.0;16.0;0.0;5.0
APL;3;3;Inciident;0.071;0.106;15.0;24.0;100;0;0;11.0;18.0;0.0;0.0
APL;3;3;Random;0.058499999999999996;0.102;98.0;98.0;100;0;0;11.0;18.0;0.0;0.0
APL;3;3;iident;0.106;0.135;12.0;16.0;100;0;0;11.0;18.0;0.0;0.0
APL-Model;1;1;Inciident;0.036;0.043;8.0;8.0;100;0;0;8.0;10.0;0.0;0.0
APL-Model;1;1;Random;0.023;0.027;10.0;22.0;100;0;0;8.0;10.0;0.0;0.0
APL-Model;1;1;iident;0.036;0.042;8.0;8.0;100;0;0;8.0;10.0;0.0;0.0
APL-Model;1;2;Inciident;0.053;0.083;12.0;16.0;100;0;0;8.0;10.0;0.0;0.0
APL-Model;1;2;Random;0.047;0.06;83.0;83.0;100;17;0;8.0;10.0;0.0;0.0
APL-Model;1;2;iident;0.078;0.098;11.0;13.0;100;12;0;8.0;10.0;0.0;0.0
APL-Model;1;3;Inciident;0.055;0.087;15.0;18.0;100;0;0;8.0;10.0;0.0;0.0
APL-Model;1;3;Random;0.042499999999999996;0.073;19.0;111.0;100;26;0;8.0;10.0;0.0;0.0
APL-Model;1;3;iident;0.12;0.145;13.0;15.0;100;25;0;8.0;10.0;0.0;0.0
APL-Model;2;1;Inciident;0.034;0.041;7.0;8.0;100;49;0;7.0;10.0;1.0;4.0
APL-Model;2;1;Random;0.02;0.028;8.0;20.0;100;57;0;7.0;10.0;1.0;8.0
APL-Model;2;1;iident;0.034;0.044;7.0;8.0;100;49;0;7.0;10.0;1.0;4.0
APL-Model;2;2;Inciident;0.059;0.078;12.0;17.0;100;0;0;9.0;13.0;0.0;0.0
APL-Model;2;2;Random;0.036;0.062;21.0;83.0;100;0;0;9.0;13.0;0.0;0.0
APL-Model;2;2;iident;0.078;0.092;11.0;13.0;100;0;0;9.0;13.0;0.0;0.0
APL-Model;2;3;Inciident;0.068;0.124;15.0;25.0;100;0;0;9.0;13.0;0.0;0.0
APL-Model;2;3;Random;0.063;0.09;111.0;111.0;100;13;0;9.0;13.0;0.0;0.0
APL-Model;2;3;iident;0.1245;0.159;14.0;19.0;100;5;0;9.0;13.0;0.0;0.0
APL-Model;3;1;Inciident;0.0325;0.043;7.0;8.0;100;68;0;7.5;12.0;2.0;7.0
APL-Model;3;1;Random;0.0185;0.024;7.5;14.0;100;77;0;7.0;10.0;2.0;9.0
APL-Model;3;1;iident;0.033;0.043;7.0;8.0;100;68;0;7.5;12.0;2.0;7.0
APL-Model;3;2;Inciident;0.064;0.083;13.0;17.0;100;28;0;9.0;13.0;1.0;7.0
APL-Model;3;2;Random;0.034;0.054;20.0;49.0;100;39;0;9.0;13.0;1.0;4.0
APL-Model;3;2;iident;0.075;0.091;11.0;14.0;100;33;0;9.0;13.0;1.0;3.0
APL-Model;3;3;Inciident;0.076;0.127;16.0;26.0;100;0;0;10.0;14.0;0.0;0.0
APL-Model;3;3;Random;0.057;0.092;50.0;111.0;100;0;0;10.0;14.0;0.0;0.0
APL-Model;3;3;iident;0.127;0.148;14.0;20.0;100;0;0;10.0;14.0;0.0;0.0
Automotive01;1;1;Inciident;0.3605;0.415;13.5;16.0;10;0;0;297.0;325.0;0.0;0.0
Automotive01;1;1;Random;0.1155;0.26;18.5;115.0;10;0;0;297.0;325.0;0.0;0.0
Automotive01;1;1;iident;0.3695;0.422;13.5;16.0;10;0;0;297.0;325.0;0.0;0.0
Automotive01;1;2;Inciident;2.5;3.485;137.5;174.0;10;0;0;297.0;325.0;0.0;0.0
Automotive01;1;2;Random;0.9095;1.099;216.0;216.0;10;2;0;297.0;325.0;0.0;0.0
Automotive01;1;2;iident;3.6185;4.268;134.5;161.0;10;0;0;297.0;325.0;0.0;0.0
Automotive01;1;3;Inciident;2.567;3.513;139.5;176.0;10;0;0;297.0;325.0;0.0;0.0
Automotive01;1;3;Random;;;;;10;10;10;;;;
Automotive01;1;3;iident;;;;;10;10;10;;;;
Automotive01;2;1;Inciident;0.3645;0.435;13.5;17.0;10;3;0;296.0;298.0;21.0;111.0
Automotive01;2;1;Random;0.118;0.179;15.0;42.0;10;5;0;296.0;301.0;5.0;83.0
Automotive01;2;1;iident;0.382;0.408;13.5;17.0;10;3;0;296.0;298.0;21.0;111.0
Automotive01;2;2;Inciident;0.6505000000000001;2.189;23.5;114.0;10;0;0;315.0;413.0;0.0;0.0
Automotive01;2;2;Random;0.8725;1.011;216.0;216.0;10;0;0;315.0;413.0;0.0;0.0
Automotive01;2;2;iident;1.7825000000000002;3.457;24.0;125.0;10;0;0;315.0;413.0;0.0;0.0
Automotive01;2;3;Inciident;3.406;46.226;145.0;875.0;10;0;0;315.0;413.0;0.0;0.0
Automotive01;2;3;Random;;;;;10;10;10;;;;
Automotive01;2;3;iident;;;;;10;10;10;;;;
Automotive01;3;1;Inciident;0.366;0.494;12.0;17.0;10;7;0;297.0;298.0;3.0;18.0
Automotive01;3;1;Random;0.1105;0.143;15.5;42.0;10;6;0;295.5;301.0;6.5;85.0
Automotive01;3;1;iident;0.35450000000000004;0.438;12.0;17.0;10;7;0;297.0;298.0;3.0;18.0
Automotive01;3;2;Inciident;0.71;6.919;24.5;289.0;10;3;0;300.0;416.0;3.0;83.0
Automotive01;3;2;Random;0.674;1.004;72.5;216.0;10;5;0;348.0;416.0;3.0;118.0
Automotive01;3;2;iident;1.7745;7.615;23.5;247.0;10;3;0;329.0;416.0;5.0;83.0
Automotive01;3;3;Inciident;1.3795;364.078;38.0;1252.0;10;0;0;332.0;531.0;0.0;0.0
Automotive01;3;3;Random;;;;;10;10;10;;;;
Automotive01;3;3;iident;;;;;10;10;10;;;;
BankingSoftware;1;1;Inciident;0.083;0.102;10.0;12.0;100;0;0;21.0;40.0;0.0;0.0
BankingSoftware;1;1;Random;0.035;0.088;13.0;77.0;100;0;0;21.0;40.0;0.0;0.0
BankingSoftware;1;1;iident;0.085;0.115;10.0;12.0;100;0;0;21.0;40.0;0.0;0.0
BankingSoftware;1;2;Inciident;0.156;0.225;19.0;28.0;100;0;0;21.0;40.0;0.0;0.0
BankingSoftware;1;2;Random;0.1135;0.2;140.0;140.0;100;16;0;22.0;40.0;0.0;0.0
BankingSoftware;1;2;iident;0.2155;0.263;17.5;22.0;100;12;0;24.0;40.0;0.0;0.0
BankingSoftware;1;3;Inciident;0.1555;0.249;22.0;30.0;100;0;0;21.0;40.0;0.0;0.0
BankingSoftware;1;3;Random;0.3715;0.536;197.0;197.0;100;24;0;31.0;40.0;0.0;0.0
BankingSoftware;1;3;iident;0.5925;0.739;18.0;24.0;100;14;0;25.0;40.0;0.0;0.0
BankingSoftware;2;1;Inciident;0.08;0.103;9.0;12.0;100;58;0;24.0;73.0;1.0;30.0
BankingSoftware;2;1;Random;0.031;0.089;11.0;77.0;100;68;0;18.0;40.0;1.0;56.0
BankingSoftware;2;1;iident;0.083;0.103;9.0;12.0;100;58;0;24.0;73.0;1.0;30.0
BankingSoftware;2;2;Inciident;0.162;0.246;18.0;26.0;100;0;0;33.0;80.0;0.0;0.0
BankingSoftware;2;2;Random;0.0925;0.191;77.5;140.0;100;0;0;33.0;80.0;0.0;0.0
BankingSoftware;2;2;iident;0.211;0.244;16.0;24.0;100;0;0;33.0;80.0;0.0;0.0
BankingSoftware;2;3;Inciident;0.2115;0.479;26.0;40.0;100;0;0;33.0;80.0;0.0;0.0
BankingSoftware;2;3;Random;0.412;0.624;197.0;197.0;100;2;0;33.0;80.0;0.0;0.0
BankingSoftware;2;3;iident;0.6275;0.804;23.0;33.0;100;4;0;33.0;80.0;0.0;0.0
BankingSoftware;3;1;Inciident;0.079;0.098;9.0;11.0;100;73;0;26.0;73.0;3.0;31.0
BankingSoftware;3;1;Random;0.031;0.067;11.0;77.0;100;85;0;17.0;40.0;4.0;56.0
BankingSoftware;3;1;iident;0.08;0.1;9.0;11.0;100;73;0;26.0;73.0;3.0;31.0
BankingSoftware;3;2;Inciident;0.1735;0.234;19.0;28.0;100;52;0;26.0;95.0;2.0;31.0
BankingSoftware;3;2;Random;0.072;0.192;29.0;140.0;100;63;0;23.0;95.0;1.0;17.0
BankingSoftware;3;2;iident;0.212;0.273;16.0;27.0;100;55;0;32.0;95.0;1.0;17.0
BankingSoftware;3;3;Inciident;0.245;0.458;28.0;45.0;100;0;0;34.0;95.0;0.0;0.0
BankingSoftware;3;3;Random;0.399;0.628;197.0;197.0;100;0;0;34.0;95.0;0.0;0.0
BankingSoftware;3;3;iident;0.6315;0.846;23.0;35.0;100;0;0;34.0;95.0;0.0;0.0
BattleofTanks;1;1;Inciident;0.075;0.128;9.0;22.0;100;0;0;21.0;25.0;0.0;0.0
BattleofTanks;1;1;Random;0.039;0.073;11.0;74.0;100;0;0;21.0;25.0;0.0;0.0
BattleofTanks;1;1;iident;0.078;0.162;9.0;22.0;100;0;0;21.0;25.0;0.0;0.0
BattleofTanks;1;2;Inciident;0.3365;0.58;66.0;113.0;100;0;0;21.0;25.0;0.0;0.0
BattleofTanks;1;2;Random;0.136;0.181;135.0;135.0;100;21;0;25.0;25.0;0.0;0.0
BattleofTanks;1;2;iident;0.3775;0.653;64.0;114.0;100;5;0;21.0;25.0;0.0;0.0
BattleofTanks;1;3;Inciident;0.34199999999999997;0.591;67.0;119.0;100;0;0;21.0;25.0;0.0;0.0
BattleofTanks;1;3;Random;0.3755;0.518;190.0;190.0;100;18;0;25.0;25.0;0.0;0.0
BattleofTanks;1;3;iident;0.805;1.344;61.0;99.0;100;15;0;25.0;25.0;0.0;0.0
BattleofTanks;2;1;Inciident;0.073;0.167;9.0;18.0;100;24;0;17.5;25.0;1.0;34.0
BattleofTanks;2;1;Random;0.038;0.064;11.0;74.0;100;29;0;21.0;25.0;1.0;18.0
BattleofTanks;2;1;iident;0.076;0.134;9.0;18.0;100;24;0;17.5;25.0;1.0;34.0
BattleofTanks;2;2;Inciident;0.2115;0.544;28.0;101.0;100;0;0;22.0;42.0;0.0;0.0
BattleofTanks;2;2;Random;0.125;0.189;135.0;135.0;100;10;0;25.0;42.0;0.0;0.0
BattleofTanks;2;2;iident;0.2675;0.69;27.5;114.0;100;0;0;22.0;42.0;0.0;0.0
BattleofTanks;2;3;Inciident;0.3845;0.611;67.0;118.0;100;0;0;22.0;42.0;0.0;0.0
BattleofTanks;2;3;Random;0.358;0.492;190.0;190.0;100;13;0;25.0;42.0;0.0;0.0
BattleofTanks;2;3;iident;0.7115;1.656;65.0;175.0;100;3;0;22.0;42.0;0.0;0.0
BattleofTanks;3;1;Inciident;0.074;0.089;9.0;12.0;100;52;0;14.0;25.0;2.0;34.0
BattleofTanks;3;1;Random;0.0375;0.073;11.0;74.0;100;50;0;21.0;26.0;2.0;19.0
BattleofTanks;3;1;iident;0.075;0.097;9.0;12.0;100;52;0;14.0;25.0;2.0;34.0
BattleofTanks;3;2;Inciident;0.1545;0.461;21.0;61.0;100;10;0;24.0;42.0;1.0;2.0
BattleofTanks;3;2;Random;0.0905;0.202;53.5;135.0;100;15;0;24.0;42.0;1.0;6.0
BattleofTanks;3;2;iident;0.218;0.615;19.5;87.0;100;15;0;25.0;42.0;1.0;2.0
BattleofTanks;3;3;Inciident;0.3325;0.648;52.5;95.0;100;0;0;26.0;42.0;0.0;0.0
BattleofTanks;3;3;Random;0.3405;0.611;190.0;190.0;100;6;0;26.0;42.0;0.0;0.0
BattleofTanks;3;3;iident;0.6525000000000001;1.619;46.5;175.0;100;0;0;26.0;42.0;0.0;0.0
ChatClient;1;1;Inciident;0.029;0.033;7.0;8.0;100;0;0;4.0;6.0;0.0;0.0
ChatClient;1;1;Random;0.02;0.034;9.0;39.0;100;0;0;4.0;6.0;0.0;0.0
ChatClient;1;1;iident;0.028;0.032;7.0;8.0;100;0;0;4.0;6.0;0.0;0.0
ChatClient;1;2;Inciident;0.0405;0.059;10.0;13.0;100;0;0;4.0;6.0;0.0;0.0
ChatClient;1;2;Random;0.028;0.05;16.0;64.0;100;21;0;4.0;6.0;0.0;0.0
ChatClient;1;2;iident;0.054;0.067;9.0;11.0;100;15;0;4.0;6.0;0.0;0.0
ChatClient;1;3;Inciident;0.043;0.06;13.0;15.0;100;0;0;4.0;6.0;0.0;0.0
ChatClient;1;3;Random;0.029;0.055;10.5;81.0;100;46;0;4.0;6.0;0.0;0.0
ChatClient;1;3;iident;0.075;0.094;9.0;11.0;100;25;0;4.0;6.0;0.0;0.0
ChatClient;2;1;Inciident;0.026;0.033;6.0;7.0;100;48;0;4.0;6.0;1.0;4.0
ChatClient;2;1;Random;0.0165;0.031;7.0;39.0;100;60;0;4.0;6.0;1.0;4.0
ChatClient;2;1;iident;0.027;0.034;6.0;7.0;100;48;0;4.0;6.0;1.0;4.0
ChatClient;2;2;Inciident;0.045;0.063;11.0;14.0;100;0;0;5.0;10.0;0.0;0.0
ChatClient;2;2;Random;0.0315;0.053;20.0;64.0;100;0;0;5.0;10.0;0.0;0.0
ChatClient;2;2;iident;0.0545;0.068;9.0;11.0;100;0;0;5.0;10.0;0.0;0.0
ChatClient;2;3;Inciident;0.05;0.082;13.0;21.0;100;0;0;5.0;10.0;0.0;0.0
ChatClient;2;3;Random;0.0385;0.07;28.5;81.0;100;13;0;5.0;10.0;0.0;0.0
ChatClient;2;3;iident;0.077;0.106;10.0;13.0;100;5;0;5.0;10.0;0.0;0.0
ChatClient;3;1;Inciident;0.026;0.032;6.0;7.0;100;66;0;4.0;6.0;2.0;6.0
ChatClient;3;1;Random;0.015;0.021;6.0;14.0;100;79;0;4.0;6.0;2.0;8.0
ChatClient;3;1;iident;0.026;0.033;6.0;7.0;100;66;0;4.0;6.0;2.0;6.0
ChatClient;3;2;Inciident;0.045;0.07;10.5;14.0;100;33;0;5.0;10.0;1.0;4.0
ChatClient;3;2;Random;0.0285;0.046;18.0;64.0;100;56;0;5.0;10.0;0.0;2.0
ChatClient;3;2;iident;0.052;0.065;8.0;11.0;100;45;0;5.0;10.0;0.0;3.0
ChatClient;3;3;Inciident;0.0555;0.086;12.0;21.0;100;0;0;6.0;10.0;0.0;0.0
ChatClient;3;3;Random;0.0485;0.07;78.0;81.0;100;0;0;6.0;10.0;0.0;0.0
ChatClient;3;3;iident;0.082;0.119;11.0;15.0;100;0;0;6.0;10.0;0.0;0.0
DMIE;1;1;Inciident;0.136;0.167;11.5;12.0;100;0;0;22.0;25.0;0.0;0.0
DMIE;1;1;Random;0.052;0.106;13.0;88.0;100;0;0;22.0;25.0;0.0;0.0
DMIE;1;1;iident;0.1495;0.179;11.5;12.0;100;0;0;22.0;25.0;0.0;0.0
DMIE;1;2;Inciident;0.189;0.274;18.5;25.0;100;0;0;22.0;25.0;0.0;0.0
DMIE;1;2;Random;0.133;0.214;27.0;162.0;100;16;0;22.0;25.0;0.0;0.0
DMIE;1;2;iident;0.3185;0.397;18.0;24.0;100;4;0;22.0;25.0;0.0;0.0
DMIE;1;3;Inciident;0.195;0.261;21.0;27.0;100;0;0;22.0;25.0;0.0;0.0
DMIE;1;3;Random;1.0645;1.654;24.0;230.0;100;46;0;22.5;25.0;0.0;0.0
DMIE;1;3;iident;2.5755;6.133;20.0;24.0;100;24;0;22.0;25.0;0.0;0.0
DMIE;2;1;Inciident;0.1325;0.157;10.0;12.0;100;73;0;21.0;25.0;2.0;3.0
DMIE;2;1;Random;0.046;0.058;11.0;16.0;100;82;0;22.0;24.0;1.5;4.0
DMIE;2;1;iident;0.145;0.185;10.0;12.0;100;73;0;21.0;25.0;2.0;3.0
DMIE;2;2;Inciident;0.228;0.369;21.5;30.0;100;0;0;24.0;27.0;0.0;0.0
DMIE;2;2;Random;0.1405;0.224;29.5;162.0;100;0;0;24.0;27.0;0.0;0.0
DMIE;2;2;iident;0.3425;0.398;19.0;26.0;100;0;0;24.0;27.0;0.0;0.0
DMIE;2;3;Inciident;0.266;0.419;27.0;41.0;100;0;0;24.0;27.0;0.0;0.0
DMIE;2;3;Random;1.4895;2.486;57.5;230.0;100;10;0;24.0;27.0;0.0;0.0
DMIE;2;3;iident;3.817;9.292;24.5;42.0;100;0;0;24.0;27.0;0.0;0.0
DMIE;3;1;Inciident;0.132;0.158;10.0;12.0;100;81;0;21.0;23.0;3.0;5.0
DMIE;3;1;Random;0.047;0.058;12.0;21.0;100;89;0;21.0;22.0;3.0;5.0
DMIE;3;1;iident;0.144;0.18;10.0;12.0;100;81;0;21.0;23.0;3.0;5.0
DMIE;3;2;Inciident;0.2675;0.377;24.0;32.0;100;63;0;21.0;24.0;3.0;7.0
DMIE;3;2;Random;0.144;0.173;30.0;74.0;100;86;0;23.0;24.0;1.0;3.0
DMIE;3;2;iident;0.352;0.428;21.0;29.0;100;71;0;23.0;25.0;2.0;4.0
DMIE;3;3;Inciident;0.367;0.804;36.0;56.0;100;0;0;25.0;28.0;0.0;0.0
DMIE;3;3;Random;1.887;2.928;57.0;230.0;100;0;0;25.0;28.0;0.0;0.0
DMIE;3;3;iident;4.848;9.473;30.0;52.0;100;0;0;25.0;28.0;0.0;0.0
E-Shop;1;1;Inciident;0.112;0.135;11.0;12.0;100;0;0;39.0;80.0;0.0;0.0
E-Shop;1;1;Random;0.0445;0.107;15.0;85.0;100;0;0;39.0;80.0;0.0;0.0
E-Shop;1;1;iident;0.122;0.148;11.0;12.0;100;0;0;39.0;80.0;0.0;0.0
E-Shop;1;2;Inciident;0.192;0.277;21.0;25.0;100;0;0;39.0;80.0;0.0;0.0
E-Shop;1;2;Random;0.1755;0.247;157.0;157.0;100;4;0;39.5;80.0;0.0;0.0
E-Shop;1;2;iident;0.3055;0.362;19.0;24.0;100;0;0;39.0;80.0;0.0;0.0
E-Shop;1;3;Inciident;0.205;0.381;22.0;28.0;100;0;0;39.0;80.0;0.0;0.0
E-Shop;1;3;Random;0.9245000000000001;2.067;223.0;223.0;100;10;0;40.0;80.0;0.0;0.0
E-Shop;1;3;iident;1.9075;3.432;20.5;29.0;100;8;0;40.0;80.0;0.0;0.0
E-Shop;2;1;Inciident;0.109;0.143;10.0;12.0;100;61;0;37.0;80.0;4.0;15.0
E-Shop;2;1;Random;0.037;0.085;12.0;85.0;100;84;0;39.5;52.0;3.0;10.0
E-Shop;2;1;iident;0.1215;0.146;10.0;12.0;100;61;0;37.0;80.0;4.0;15.0
E-Shop;2;2;Inciident;0.2025;0.306;19.0;30.0;100;0;0;44.0;81.0;0.0;0.0
E-Shop;2;2;Random;0.173;0.211;157.0;157.0;100;0;0;44.0;81.0;0.0;0.0
E-Shop;2;2;iident;0.302;0.371;17.5;27.0;100;0;0;44.0;81.0;0.0;0.0
E-Shop;2;3;Inciident;0.2755;0.443;27.0;50.0;100;0;0;44.0;81.0;0.0;0.0
E-Shop;2;3;Random;1.0775000000000001;2.262;223.0;223.0;100;2;0;44.0;81.0;0.0;0.0
E-Shop;2;3;iident;2.1925;4.314;24.5;47.0;100;0;0;44.0;81.0;0.0;0.0
E-Shop;3;1;Inciident;0.109;0.143;10.0;12.0;100;78;0;38.0;80.0;7.5;23.0
E-Shop;3;1;Random;0.036;0.061;11.5;41.0;100;93;0;34.0;43.0;11.0;18.0
E-Shop;3;1;iident;0.123;0.149;10.0;12.0;100;78;0;38.0;80.0;7.5;23.0
E-Shop;3;2;Inciident;0.231;0.35;21.0;37.0;100;49;0;43.0;81.0;4.0;22.0
E-Shop;3;2;Random;0.118;0.199;33.5;157.0;100;80;0;46.5;81.0;0.0;17.0
E-Shop;3;2;iident;0.308;0.431;18.0;33.0;100;48;0;43.0;81.0;1.5;18.0
E-Shop;3;3;Inciident;0.3415;0.669;31.0;60.0;100;0;0;48.0;108.0;0.0;0.0
E-Shop;3;3;Random;1.186;2.467;223.0;223.0;100;0;0;48.0;108.0;0.0;0.0
E-Shop;3;3;iident;2.4065000000000003;4.223;25.0;57.0;100;0;0;48.0;108.0;0.0;0.0
EMBToolkit;1;1;Inciident;0.2415;0.352;12.5;27.0;10;0;0;328.5;837.0;0.0;0.0
EMBToolkit;1;1;Random;0.14350000000000002;0.234;94.0;101.0;10;0;0;328.5;837.0;0.0;0.0
EMBToolkit;1;1;iident;0.2325;0.343;12.5;27.0;10;0;0;328.5;837.0;0.0;0.0
EMBToolkit;1;2;Inciident;0.782;3.71;77.0;90.0;10;0;0;328.5;837.0;0.0;0.0
EMBToolkit;1;2;Random;0.388;1.478;188.0;188.0;10;7;0;329.0;837.0;0.0;0.0
EMBToolkit;1;2;iident;0.9835;4.607;75.0;90.0;10;1;0;329.0;837.0;0.0;0.0
EMBToolkit;1;3;Inciident;0.8175;18.719;79.5;92.0;10;0;0;328.5;837.0;0.0;0.0
EMBToolkit;1;3;Random;12.296;218.643;270.0;270.0;10;7;0;328.0;333.0;0.0;0.0
EMBToolkit;1;3;iident;55.745;768.565;72.0;125.0;10;3;0;329.0;837.0;0.0;0.0
EMBToolkit;2;1;Inciident;0.21;0.273;12.0;13.0;10;1;0;328.0;837.0;1.0;8.0
EMBToolkit;2;1;Random;0.08399999999999999;0.219;16.5;101.0;10;4;0;328.0;837.0;1.0;8.0
EMBToolkit;2;1;iident;0.218;0.274;12.0;13.0;10;1;0;328.0;837.0;1.0;8.0
EMBToolkit;2;2;Inciident;0.39649999999999996;3.718;22.5;90.0;10;0;0;334.5;837.0;0.0;0.0
EMBToolkit;2;2;Random;0.35450000000000004;1.469;188.0;188.0;10;0;0;334.5;837.0;0.0;0.0
EMBToolkit;2;2;iident;0.5569999999999999;4.439;22.5;94.0;10;0;0;334.5;837.0;0.0;0.0
EMBToolkit;2;3;Inciident;1.041;18.591;87.0;94.0;10;0;0;334.5;837.0;0.0;0.0
EMBToolkit;2;3;Random;12.4665;217.924;270.0;270.0;10;2;0;334.5;565.0;0.0;0.0
EMBToolkit;2;3;iident;50.0305;779.556;86.5;125.0;10;0;0;334.5;837.0;0.0;0.0
EMBToolkit;3;1;Inciident;0.202;0.262;11.0;13.0;10;3;0;328.0;837.0;2.0;9.0
EMBToolkit;3;1;Random;0.063;0.109;10.5;56.0;10;9;0;328.0;328.0;2.0;2.0
EMBToolkit;3;1;iident;0.215;0.27;11.0;13.0;10;3;0;328.0;837.0;2.0;9.0
EMBToolkit;3;2;Inciident;0.385;0.88;20.0;42.0;10;1;0;335.0;841.0;1.0;2.0
EMBToolkit;3;2;Random;0.28300000000000003;0.498;57.5;188.0;10;4;0;446.5;841.0;0.5;1.0
EMBToolkit;3;2;iident;0.6315;1.033;20.5;35.0;10;0;0;334.5;841.0;1.0;1.0
EMBToolkit;3;3;Inciident;0.6085;5.199;42.5;98.0;10;0;0;335.5;841.0;0.0;0.0
EMBToolkit;3;3;Random;13.7345;36.136;270.0;270.0;10;2;0;333.0;573.0;0.0;0.0
EMBToolkit;3;3;iident;50.495999999999995;118.382;48.5;105.0;10;0;0;335.5;841.0;0.0;0.0
FameDB;1;1;Inciident;0.031;0.037;6.0;8.0;100;0;0;8.0;14.0;0.0;0.0
FameDB;1;1;Random;0.03;0.039;43.0;43.0;100;0;0;8.0;14.0;0.0;0.0
FameDB;1;1;iident;0.031;0.039;6.0;8.0;100;0;0;8.0;14.0;0.0;0.0
FameDB;1;2;Inciident;0.043;0.084;10.0;13.0;100;0;0;8.0;14.0;0.0;0.0
FameDB;1;2;Random;0.034;0.069;25.5;73.0;100;19;0;10.0;14.0;0.0;0.0
FameDB;1;2;iident;0.063;0.09;8.0;11.0;100;8;0;8.0;14.0;0.0;0.0
FameDB;1;3;Inciident;0.044;0.083;12.0;16.0;100;0;0;8.0;14.0;0.0;0.0
FameDB;1;3;Random;0.036000000000000004;0.092;16.0;95.0;100;33;0;10.0;14.0;0.0;0.0
FameDB;1;3;iident;0.095;0.112;8.0;10.0;100;16;0;10.0;14.0;0.0;0.0
FameDB;2;1;Inciident;0.029;0.037;6.0;8.0;100;43;0;8.0;14.0;1.0;10.0
FameDB;2;1;Random;0.018;0.039;8.0;43.0;100;62;0;12.0;14.0;0.0;6.0
FameDB;2;1;iident;0.03;0.036;6.0;8.0;100;43;0;8.0;14.0;1.0;10.0
FameDB;2;2;Inciident;0.053;0.081;10.0;14.0;100;0;0;12.0;16.0;0.0;0.0
FameDB;2;2;Random;0.048;0.063;73.0;73.0;100;0;0;12.0;16.0;0.0;0.0
FameDB;2;2;iident;0.065;0.084;9.0;11.0;100;0;0;12.0;16.0;0.0;0.0
FameDB;2;3;Inciident;0.06;0.104;12.0;18.0;100;0;0;12.0;16.0;0.0;0.0
FameDB;2;3;Random;0.063;0.094;95.0;95.0;100;9;0;12.0;16.0;0.0;0.0
FameDB;2;3;iident;0.097;0.138;9.0;15.0;100;4;0;12.0;16.0;0.0;0.0
FameDB;3;1;Inciident;0.028;0.035;6.0;8.0;100;70;0;7.0;14.0;2.0;11.0
FameDB;3;1;Random;0.017;0.038;8.0;43.0;100;78;0;10.0;14.0;2.0;11.0
FameDB;3;1;iident;0.028;0.035;6.0;8.0;100;70;0;7.0;14.0;2.0;11.0
FameDB;3;2;Inciident;0.056;0.08;11.0;14.0;100;25;0;13.0;16.0;0.0;6.0
FameDB;3;2;Random;0.034;0.057;25.0;73.0;100;46;0;13.0;16.0;0.0;6.0
FameDB;3;2;iident;0.065;0.079;9.0;11.0;100;27;0;13.0;16.0;0.0;4.0
FameDB;3;3;Inciident;0.07050000000000001;0.108;14.0;19.0;100;0;0;13.0;18.0;0.0;0.0
FameDB;3;3;Random;0.066;0.092;95.0;95.0;100;0;0;13.0;18.0;0.0;0.0
FameDB;3;3;iident;0.102;0.129;10.0;15.0;100;0;0;13.0;18.0;0.0;0.0
FeatureIDE;1;1;Inciident;0.033;0.039;7.0;8.0;100;0;0;3.0;5.0;0.0;0.0
FeatureIDE;1;1;Random;0.021;0.029;10.0;24.0;100;0;0;3.0;5.0;0.0;0.0
FeatureIDE;1;1;iident;0.033;0.039;7.0;8.0;100;0;0;3.0;5.0;0.0;0.0
FeatureIDE;1;2;Inciident;0.046;0.072;11.0;15.0;100;0;0;3.0;5.0;0.0;0.0
FeatureIDE;1;2;Random;0.034;0.056;22.5;76.0;100;20;0;3.0;5.0;0.0;0.0
FeatureIDE;1;2;iident;0.068;0.089;10.0;12.0;100;12;0;3.0;5.0;0.0;0.0
FeatureIDE;1;3;Inciident;0.047;0.069;14.0;17.0;100;0;0;3.0;5.0;0.0;0.0
FeatureIDE;1;3;Random;0.035;0.074;15.0;100.0;100;39;0;4.0;5.0;0.0;0.0
FeatureIDE;1;3;iident;0.103;0.132;11.0;14.0;100;28;0;3.5;5.0;0.0;0.0
FeatureIDE;2;1;Inciident;0.031;0.038;7.0;8.0;100;47;0;3.0;5.0;1.0;4.0
FeatureIDE;2;1;Random;0.019;0.03;8.0;24.0;100;59;0;3.0;5.0;1.0;3.0
FeatureIDE;2;1;iident;0.032;0.038;7.0;8.0;100;47;0;3.0;5.0;1.0;4.0
FeatureIDE;2;2;Inciident;0.048;0.069;11.0;16.0;100;0;0;4.0;7.0;0.0;0.0
FeatureIDE;2;2;Random;0.0335;0.05;18.5;76.0;100;0;0;4.0;7.0;0.0;0.0
FeatureIDE;2;2;iident;0.068;0.087;10.0;14.0;100;0;0;4.0;7.0;0.0;0.0
FeatureIDE;2;3;Inciident;0.055;0.088;13.0;22.0;100;0;0;4.0;7.0;0.0;0.0
FeatureIDE;2;3;Random;0.0515;0.083;58.0;100.0;100;13;0;5.0;7.0;0.0;0.0
FeatureIDE;2;3;iident;0.107;0.131;12.0;15.0;100;8;0;4.5;7.0;0.0;0.0
FeatureIDE;3;1;Inciident;0.03;0.038;6.0;8.0;100;61;0;2.0;5.0;2.0;6.0
FeatureIDE;3;1;Random;0.017;0.026;7.0;18.0;100;73;0;3.0;5.0;2.0;6.0
FeatureIDE;3;1;iident;0.029;0.038;6.0;8.0;100;61;0;2.0;5.0;2.0;6.0
FeatureIDE;3;2;Inciident;0.052;0.076;12.0;16.0;100;26;0;5.0;10.0;1.0;5.0
FeatureIDE;3;2;Random;0.032;0.049;18.0;76.0;100;44;0;5.0;8.0;1.0;7.0
FeatureIDE;3;2;iident;0.068;0.087;10.0;14.0;100;36;0;5.0;10.0;1.0;3.0
FeatureIDE;3;3;Inciident;0.064;0.092;15.0;23.0;100;0;0;6.0;11.0;0.0;0.0
FeatureIDE;3;3;Random;0.05;0.085;35.5;100.0;100;0;0;6.0;11.0;0.0;0.0
FeatureIDE;3;3;iident;0.109;0.135;13.0;17.0;100;0;0;6.0;11.0;0.0;0.0
FreeBSD-8_0_0;1;1;Inciident;0.3715;0.42;14.0;16.0;10;0;0;44.0;200.0;0.0;0.0
FreeBSD-8_0_0;1;1;Random;0.118;0.161;19.5;35.0;10;0;0;44.0;200.0;0.0;0.0
FreeBSD-8_0_0;1;1;iident;0.348;0.432;14.0;16.0;10;0;0;44.0;200.0;0.0;0.0
FreeBSD-8_0_0;1;2;Inciident;1.0045;2.048;46.5;71.0;10;0;0;44.0;200.0;0.0;0.0
FreeBSD-8_0_0;1;2;Random;0.6605000000000001;0.777;202.0;202.0;10;1;0;44.0;150.0;0.0;0.0
FreeBSD-8_0_0;1;2;iident;1.5345;2.111;49.0;59.0;10;0;0;44.0;200.0;0.0;0.0
FreeBSD-8_0_0;1;3;Inciident;1.0935;2.312;49.5;75.0;10;0;0;44.0;200.0;0.0;0.0
FreeBSD-8_0_0;1;3;Random;118.18549999999999;167.242;290.0;290.0;10;0;0;44.0;200.0;0.0;0.0
FreeBSD-8_0_0;1;3;iident;169.6535;325.127;44.5;73.0;10;0;0;44.0;200.0;0.0;0.0
FreeBSD-8_0_0;2;1;Inciident;0.363;0.412;13.0;16.0;10;5;0;101.0;200.0;1.0;2.0
FreeBSD-8_0_0;2;1;Random;0.112;0.168;16.5;36.0;10;6;0;53.5;150.0;2.0;136.0
FreeBSD-8_0_0;2;1;iident;0.358;0.428;13.0;16.0;10;5;0;101.0;200.0;1.0;2.0
FreeBSD-8_0_0;2;2;Inciident;0.712;1.697;25.5;58.0;10;0;0;45.0;201.0;0.0;0.0
FreeBSD-8_0_0;2;2;Random;0.46399999999999997;0.754;45.5;202.0;10;0;0;45.0;201.0;0.0;0.0
FreeBSD-8_0_0;2;2;iident;1.17;1.968;26.0;53.0;10;0;0;45.0;201.0;0.0;0.0
FreeBSD-8_0_0;2;3;Inciident;1.5095;3.24;61.5;113.0;10;0;0;45.0;201.0;0.0;0.0
FreeBSD-8_0_0;2;3;Random;126.82849999999999;172.619;290.0;290.0;10;0;0;45.0;201.0;0.0;0.0
FreeBSD-8_0_0;2;3;iident;200.799;792.568;57.0;110.0;10;0;0;45.0;201.0;0.0;0.0
FreeBSD-8_0_0;3;1;Inciident;0.363;0.45;13.0;17.0;10;10;0;;;;
FreeBSD-8_0_0;3;1;Random;0.11699999999999999;0.149;17.5;36.0;10;10;0;;;;
FreeBSD-8_0_0;3;1;iident;0.3535;0.454;13.0;17.0;10;10;0;;;;
FreeBSD-8_0_0;3;2;Inciident;0.7270000000000001;1.113;27.0;46.0;10;4;0;46.5;150.0;1.5;3.0
FreeBSD-8_0_0;3;2;Random;0.477;0.727;42.5;202.0;10;8;0;149.5;151.0;1.0;1.0
FreeBSD-8_0_0;3;2;iident;1.3105000000000002;1.875;25.5;45.0;10;4;0;49.0;200.0;1.0;2.0
FreeBSD-8_0_0;3;3;Inciident;1.145;1.631;41.5;59.0;10;0;0;47.5;202.0;0.0;0.0
FreeBSD-8_0_0;3;3;Random;144.16750000000002;207.533;125.5;290.0;10;0;0;47.5;202.0;0.0;0.0
FreeBSD-8_0_0;3;3;iident;296.304;771.592;37.5;64.0;10;0;0;47.5;202.0;0.0;0.0
PPU;1;1;Inciident;0.041;0.054;8.0;9.0;100;0;0;24.0;30.0;0.0;0.0
PPU;1;1;Random;0.027;0.046;14.0;53.0;100;0;0;24.0;30.0;0.0;0.0
PPU;1;1;iident;0.042;0.053;8.0;9.0;100;0;0;24.0;30.0;0.0;0.0
PPU;1;2;Inciident;0.0615;0.109;12.0;16.0;100;0;0;24.0;30.0;0.0;0.0
PPU;1;2;Random;0.047;0.082;39.5;91.0;100;15;0;25.0;30.0;0.0;0.0
PPU;1;2;iident;0.0965;0.117;11.0;14.0;100;12;0;25.0;30.0;0.0;0.0
PPU;1;3;Inciident;0.0645;0.106;14.5;18.0;100;0;0;24.0;30.0;0.0;0.0
PPU;1;3;Random;0.048;0.127;25.5;123.0;100;37;0;26.0;30.0;0.0;0.0
PPU;1;3;iident;0.147;0.166;12.0;15.0;100;19;0;25.0;30.0;0.0;0.0
PPU;2;1;Inciident;0.039;0.048;7.0;9.0;100;55;0;24.0;29.0;1.0;10.0
PPU;2;1;Random;0.022;0.041;9.0;53.0;100;71;0;24.0;29.0;1.0;7.0
PPU;2;1;iident;0.039;0.052;7.0;9.0;100;55;0;24.0;29.0;1.0;10.0
PPU;2;2;Inciident;0.0715;0.109;11.0;17.0;100;0;0;26.0;37.0;0.0;0.0
PPU;2;2;Random;0.056;0.085;91.0;91.0;100;0;0;26.0;37.0;0.0;0.0
PPU;2;2;iident;0.099;0.112;11.0;13.0;100;0;0;26.0;37.0;0.0;0.0
PPU;2;3;Inciident;0.082;0.15;15.0;23.0;100;0;0;26.0;37.0;0.0;0.0
PPU;2;3;Random;0.08;0.144;123.0;123.0;100;6;0;27.0;37.0;0.0;0.0
PPU;2;3;iident;0.151;0.19;13.0;19.0;100;1;0;26.0;37.0;0.0;0.0
PPU;3;1;Inciident;0.039;0.05;7.0;8.0;100;74;0;24.0;30.0;4.0;15.0
PPU;3;1;Random;0.02;0.03;8.0;27.0;100;82;0;23.5;29.0;3.5;11.0
PPU;3;1;iident;0.039;0.053;7.0;8.0;100;74;0;24.0;30.0;4.0;15.0
PPU;3;2;Inciident;0.0745;0.114;13.0;18.0;100;35;0;28.0;35.0;1.0;15.0
PPU;3;2;Random;0.037;0.073;21.5;91.0;100;64;0;27.0;35.0;0.0;12.0
PPU;3;2;iident;0.096;0.114;10.0;15.0;100;41;0;28.0;35.0;1.0;10.0
PPU;3;3;Inciident;0.1045;0.177;17.0;26.0;100;0;0;29.0;38.0;0.0;0.0
PPU;3;3;Random;0.0845;0.128;123.0;123.0;100;0;0;29.0;38.0;0.0;0.0
PPU;3;3;iident;0.158;0.193;14.0;22.0;100;0;0;29.0;38.0;0.0;0.0
SafeBali;1;1;Inciident;0.031;0.038;6.0;8.0;100;0;0;13.0;22.0;0.0;0.0
SafeBali;1;1;Random;0.032;0.04;43.0;43.0;100;0;0;13.0;22.0;0.0;0.0
SafeBali;1;1;iident;0.03;0.036;6.0;8.0;100;0;0;13.0;22.0;0.0;0.0
SafeBali;1;2;Inciident;0.048;0.08;10.0;12.0;100;0;0;13.0;22.0;0.0;0.0
SafeBali;1;2;Random;0.047;0.075;71.0;71.0;100;14;0;13.0;22.0;0.0;0.0
SafeBali;1;2;iident;0.063;0.088;8.0;10.0;100;9;0;13.0;22.0;0.0;0.0
SafeBali;1;3;Inciident;0.052;0.087;12.0;15.0;100;0;0;13.0;22.0;0.0;0.0
SafeBali;1;3;Random;0.056;0.126;92.0;92.0;100;17;0;13.0;22.0;0.0;0.0
SafeBali;1;3;iident;0.0915;0.141;8.0;10.0;100;11;0;13.0;22.0;0.0;0.0
SafeBali;2;1;Inciident;0.03;0.036;6.0;7.0;100;18;0;21.0;22.0;0.0;4.0
SafeBali;2;1;Random;0.026000000000000002;0.039;25.0;43.0;100;37;0;21.0;22.0;0.0;12.0
SafeBali;2;1;iident;0.03;0.037;6.0;7.0;100;18;0;21.0;22.0;0.0;4.0
SafeBali;2;2;Inciident;0.054;0.081;9.0;12.0;100;0;0;21.0;23.0;0.0;0.0
SafeBali;2;2;Random;0.052;0.081;71.0;71.0;100;0;0;21.0;23.0;0.0;0.0
SafeBali;2;2;iident;0.0655;0.09;8.0;10.0;100;0;0;21.0;23.0;0.0;0.0
SafeBali;2;3;Inciident;0.064;0.093;12.0;16.0;100;0;0;21.0;23.0;0.0;0.0
SafeBali;2;3;Random;0.072;0.127;92.0;92.0;100;6;0;21.0;23.0;0.0;0.0
SafeBali;2;3;iident;0.0975;0.135;8.0;11.0;100;1;0;21.0;23.0;0.0;0.0
SafeBali;3;1;Inciident;0.029;0.036;6.0;7.0;100;31;0;21.0;22.0;0.0;5.0
SafeBali;3;1;Random;0.021;0.038;15.0;43.0;100;45;0;21.0;22.0;0.0;12.0
SafeBali;3;1;iident;0.029;0.037;6.0;7.0;100;31;0;21.0;22.0;0.0;5.0
SafeBali;3;2;Inciident;0.0575;0.086;10.0;13.0;100;4;0;21.0;23.0;0.0;3.0
SafeBali;3;2;Random;0.0505;0.078;71.0;71.0;100;18;0;21.0;23.0;0.0;4.0
SafeBali;3;2;iident;0.067;0.089;8.0;10.0;100;9;0;21.0;23.0;0.0;4.0
SafeBali;3;3;Inciident;0.067;0.092;11.5;16.0;100;0;0;21.0;23.0;0.0;0.0
SafeBali;3;3;Random;0.0825;0.126;92.0;92.0;100;0;0;21.0;23.0;0.0;0.0
SafeBali;3;3;iident;0.099;0.131;8.0;12.0;100;0;0;21.0;23.0;0.0;0.0
SortingLine;1;1;Inciident;0.039;0.047;8.0;9.0;100;0;0;15.0;21.0;0.0;0.0
SortingLine;1;1;Random;0.025;0.042;11.0;51.0;100;0;0;15.0;21.0;0.0;0.0
SortingLine;1;1;iident;0.039;0.046;8.0;9.0;100;0;0;15.0;21.0;0.0;0.0
SortingLine;1;2;Inciident;0.054;0.105;12.0;17.0;100;0;0;15.0;21.0;0.0;0.0
SortingLine;1;2;Random;0.0365;0.064;23.0;87.0;100;16;0;15.0;21.0;0.0;0.0
SortingLine;1;2;iident;0.09;0.107;11.0;14.0;100;18;0;15.0;21.0;0.0;0.0
SortingLine;1;3;Inciident;0.054;0.106;15.0;19.0;100;0;0;15.0;21.0;0.0;0.0
SortingLine;1;3;Random;0.04;0.11;17.0;117.0;100;44;0;15.5;21.0;0.0;0.0
SortingLine;1;3;iident;0.126;0.151;13.0;15.0;100;29;0;15.0;21.0;0.0;0.0
SortingLine;2;1;Inciident;0.037;0.05;7.0;8.0;100;52;0;14.5;21.0;1.0;6.0
SortingLine;2;1;Random;0.021;0.037;9.0;51.0;100;62;0;14.5;21.0;1.0;5.0
SortingLine;2;1;iident;0.036;0.043;7.0;8.0;100;52;0;14.5;21.0;1.0;6.0
SortingLine;2;2;Inciident;0.0615;0.089;12.0;16.0;100;0;0;16.0;24.0;0.0;0.0
SortingLine;2;2;Random;0.041;0.067;27.0;87.0;100;0;0;16.0;24.0;0.0;0.0
SortingLine;2;2;iident;0.091;0.114;11.0;13.0;100;0;0;16.0;24.0;0.0;0.0
SortingLine;2;3;Inciident;0.0715;0.126;15.0;25.0;100;0;0;16.0;24.0;0.0;0.0
SortingLine;2;3;Random;0.066;0.106;71.0;117.0;100;10;0;17.0;24.0;0.0;0.0
SortingLine;2;3;iident;0.134;0.161;14.0;17.0;100;9;0;17.0;24.0;0.0;0.0
SortingLine;3;1;Inciident;0.035;0.046;6.0;8.0;100;75;0;14.0;21.0;3.0;8.0
SortingLine;3;1;Random;0.02;0.037;8.0;51.0;100;79;0;15.0;21.0;3.0;6.0
SortingLine;3;1;iident;0.036;0.049;6.0;8.0;100;75;0;14.0;21.0;3.0;8.0
SortingLine;3;2;Inciident;0.07;0.091;13.0;16.0;100;40;0;17.0;24.0;1.0;6.0
SortingLine;3;2;Random;0.036;0.063;20.0;87.0;100;54;0;18.0;22.0;1.0;5.0
SortingLine;3;2;iident;0.087;0.117;11.0;13.0;100;39;0;17.0;22.0;1.0;5.0
SortingLine;3;3;Inciident;0.0885;0.152;17.0;31.0;100;0;0;18.0;26.0;0.0;0.0
SortingLine;3;3;Random;0.07050000000000001;0.104;117.0;117.0;100;0;0;18.0;26.0;0.0;0.0
SortingLine;3;3;iident;0.138;0.163;14.0;18.0;100;0;0;18.0;26.0;0.0;0.0
TightVNC;1;1;Inciident;0.036;0.041;7.0;8.0;100;0;0;8.0;18.0;0.0;0.0
TightVNC;1;1;Random;0.023;0.038;9.0;49.0;100;0;0;8.0;18.0;0.0;0.0
TightVNC;1;1;iident;0.0365;0.044;7.0;8.0;100;0;0;8.0;18.0;0.0;0.0
TightVNC;1;2;Inciident;0.052;0.098;12.0;16.0;100;0;0;8.0;18.0;0.0;0.0
TightVNC;1;2;Random;0.0475;0.064;83.0;83.0;100;11;0;8.0;18.0;0.0;0.0
TightVNC;1;2;iident;0.0785;0.123;10.0;13.0;100;5;0;8.0;18.0;0.0;0.0
TightVNC;1;3;Inciident;0.053;0.11;14.0;18.0;100;0;0;8.0;18.0;0.0;0.0
TightVNC;1;3;Random;0.0455;0.12;26.5;111.0;100;33;0;9.0;18.0;0.0;0.0
TightVNC;1;3;iident;0.12;0.137;12.0;14.0;100;15;0;8.0;18.0;0.0;0.0
TightVNC;2;1;Inciident;0.035;0.041;7.0;8.0;100;47;0;7.0;18.0;1.0;4.0
TightVNC;2;1;Random;0.019;0.034;8.0;49.0;100;62;0;7.0;18.0;1.0;5.0
TightVNC;2;1;iident;0.035;0.042;7.0;8.0;100;47;0;7.0;18.0;1.0;4.0
TightVNC;2;2;Inciident;0.06;0.108;12.0;16.0;100;0;0;9.0;20.0;0.0;0.0
TightVNC;2;2;Random;0.038;0.065;22.5;83.0;100;0;0;9.0;20.0;0.0;0.0
TightVNC;2;2;iident;0.078;0.114;11.0;13.0;100;0;0;9.0;20.0;0.0;0.0
TightVNC;2;3;Inciident;0.07;0.12;14.0;25.0;100;0;0;9.0;20.0;0.0;0.0
TightVNC;2;3;Random;0.065;0.114;111.0;111.0;100;8;0;9.5;20.0;0.0;0.0
TightVNC;2;3;iident;0.124;0.156;13.0;17.0;100;2;0;9.0;20.0;0.0;0.0
TightVNC;3;1;Inciident;0.033;0.042;6.0;8.0;100;74;0;6.0;18.0;3.0;6.0
TightVNC;3;1;Random;0.019;0.034;7.0;49.0;100;81;0;7.0;18.0;2.0;6.0
TightVNC;3;1;iident;0.033;0.041;6.0;8.0;100;74;0;6.0;18.0;3.0;6.0
TightVNC;3;2;Inciident;0.0635;0.097;13.0;17.0;100;28;0;9.0;20.0;1.0;6.0
TightVNC;3;2;Random;0.034;0.066;20.0;83.0;100;51;0;10.0;20.0;0.0;3.0
TightVNC;3;2;iident;0.078;0.112;11.0;13.0;100;37;0;10.0;20.0;1.0;5.0
TightVNC;3;3;Inciident;0.078;0.131;17.0;25.0;100;0;0;10.0;20.0;0.0;0.0
TightVNC;3;3;Random;0.0595;0.101;60.0;111.0;100;0;0;10.0;20.0;0.0;0.0
TightVNC;3;3;iident;0.125;0.153;14.0;18.0;100;0;0;10.0;20.0;0.0;0.0
Violet;1;1;Inciident;0.07;0.111;10.0;20.0;100;0;0;12.0;16.0;0.0;0.0
Violet;1;1;Random;0.032;0.068;12.0;70.0;100;2;0;12.0;16.0;0.0;0.0
Violet;1;1;iident;0.072;0.103;10.0;20.0;100;0;0;12.0;16.0;0.0;0.0
Violet;1;2;Inciident;0.12;0.157;19.0;24.0;100;0;0;12.0;16.0;0.0;0.0
Violet;1;2;Random;0.096;0.131;126.0;126.0;100;10;0;12.0;16.0;0.0;0.0
Violet;1;2;iident;0.182;0.241;18.0;27.0;100;3;0;12.0;16.0;0.0;0.0
Violet;1;3;Inciident;0.123;0.188;21.0;27.0;100;0;0;12.0;16.0;0.0;0.0
Violet;1;3;Random;0.263;0.32;176.0;176.0;100;9;0;12.0;16.0;0.0;0.0
Violet;1;3;iident;0.42;0.49;19.0;24.0;100;5;0;12.0;16.0;0.0;0.0
Violet;2;1;Inciident;0.068;0.083;9.0;11.0;100;46;0;6.5;16.0;1.0;16.0
Violet;2;1;Random;0.029;0.051;10.0;48.0;100;57;0;12.0;16.0;1.0;11.0
Violet;2;1;iident;0.0685;0.09;9.0;11.0;100;46;0;6.5;16.0;1.0;16.0
Violet;2;2;Inciident;0.11699999999999999;0.183;17.0;24.0;100;0;0;15.0;26.0;0.0;0.0
Violet;2;2;Random;0.059;0.116;35.0;126.0;100;1;0;15.0;26.0;0.0;0.0
Violet;2;2;iident;0.168;0.222;16.0;27.0;100;0;0;15.0;26.0;0.0;0.0
Violet;2;3;Inciident;0.1465;0.324;23.0;41.0;100;0;0;15.0;26.0;0.0;0.0
Violet;2;3;Random;0.248;0.333;176.0;176.0;100;1;0;15.0;26.0;0.0;0.0
Violet;2;3;iident;0.419;0.514;23.0;34.0;100;0;0;15.0;26.0;0.0;0.0
Violet;3;1;Inciident;0.066;0.081;9.0;11.0;100;75;0;5.0;16.0;3.0;19.0
Violet;3;1;Random;0.029;0.042;10.0;23.0;100;75;0;12.0;16.0;4.0;15.0
Violet;3;1;iident;0.067;0.094;9.0;11.0;100;75;0;5.0;16.0;3.0;19.0
Violet;3;2;Inciident;0.123;0.18;18.0;27.0;100;32;0;15.0;26.0;1.0;16.0
Violet;3;2;Random;0.055;0.106;31.0;126.0;100;56;0;15.5;26.0;1.0;5.0
Violet;3;2;iident;0.1675;0.25;15.0;28.0;100;47;0;15.0;26.0;1.0;17.0
Violet;3;3;Inciident;0.1635;0.31;24.0;41.0;100;0;0;18.0;28.0;0.0;0.0
Violet;3;3;Random;0.228;0.302;85.0;176.0;100;0;0;18.0;28.0;0.0;0.0
Violet;3;3;iident;0.424;0.501;22.0;33.0;100;0;0;18.0;28.0;0.0;0.0
WaterlooGenerated;1;1;Inciident;0.1675;0.27;12.0;28.0;100;0;0;26.0;91.0;0.0;0.0
WaterlooGenerated;1;1;Random;0.061;0.158;14.0;95.0;100;4;0;26.0;91.0;0.0;0.0
WaterlooGenerated;1;1;iident;0.174;0.272;12.0;28.0;100;0;0;26.0;91.0;0.0;0.0
WaterlooGenerated;1;2;Inciident;0.3745;0.713;41.5;76.0;100;0;0;26.0;91.0;0.0;0.0
WaterlooGenerated;1;2;Random;0.2885;0.346;176.0;176.0;100;24;0;26.0;91.0;0.0;0.0
WaterlooGenerated;1;2;iident;0.5135000000000001;0.895;40.0;86.0;100;3;0;26.0;91.0;0.0;0.0
WaterlooGenerated;1;3;Inciident;0.381;0.696;44.0;80.0;100;0;0;26.0;91.0;0.0;0.0
WaterlooGenerated;1;3;Random;3.355;5.781;251.0;251.0;100;18;0;26.0;91.0;0.0;0.0
WaterlooGenerated;1;3;iident;10.8605;30.121;38.0;77.0;100;13;0;26.0;91.0;0.0;0.0
WaterlooGenerated;2;1;Inciident;0.166;0.205;11.0;21.0;100;53;0;26.0;91.0;1.0;46.0
WaterlooGenerated;2;1;Random;0.0555;0.096;13.0;43.0;100;61;0;26.0;91.0;1.0;67.0
WaterlooGenerated;2;1;iident;0.169;0.232;11.0;21.0;100;53;0;26.0;91.0;1.0;46.0
WaterlooGenerated;2;2;Inciident;0.289;0.768;23.0;78.0;100;0;0;28.0;92.0;0.0;0.0
WaterlooGenerated;2;2;Random;0.1945;0.335;32.5;176.0;100;0;0;28.0;92.0;0.0;0.0
WaterlooGenerated;2;2;iident;0.423;0.896;21.0;71.0;100;0;0;28.0;92.0;0.0;0.0
WaterlooGenerated;2;3;Inciident;0.4755;0.897;52.0;118.0;100;0;0;28.0;92.0;0.0;0.0
WaterlooGenerated;2;3;Random;3.818;10.707;251.0;251.0;100;11;0;29.0;92.0;0.0;0.0
WaterlooGenerated;2;3;iident;12.7025;32.489;48.0;115.0;100;1;0;28.0;92.0;0.0;0.0
WaterlooGenerated;3;1;Inciident;0.165;0.226;11.0;20.0;100;86;0;28.5;91.0;2.5;8.0
WaterlooGenerated;3;1;Random;0.056;0.11;13.5;94.0;100;82;0;26.0;86.0;2.5;54.0
WaterlooGenerated;3;1;iident;0.171;0.235;11.0;20.0;100;86;0;28.5;91.0;2.5;8.0
WaterlooGenerated;3;2;Inciident;0.313;0.657;25.0;75.0;100;42;0;30.0;92.0;1.0;12.0
WaterlooGenerated;3;2;Random;0.191;0.333;33.0;176.0;100;56;0;29.0;94.0;1.0;58.0
WaterlooGenerated;3;2;iident;0.425;0.758;22.0;75.0;100;45;0;30.0;92.0;1.0;4.0
WaterlooGenerated;3;3;Inciident;0.4445;1.524;37.0;158.0;100;0;0;32.0;95.0;0.0;0.0
WaterlooGenerated;3;3;Random;4.765499999999999;11.396;110.0;251.0;100;0;0;32.0;95.0;0.0;0.0
WaterlooGenerated;3;3;iident;16.352;36.686;33.0;190.0;100;0;0;32.0;95.0;0.0;0.0
XSEngine;1;1;Inciident;0.2485;0.325;12.5;19.0;10;0;0;91.0;215.0;0.0;0.0
XSEngine;1;1;Random;0.184;0.232;106.0;106.0;10;0;0;91.0;215.0;0.0;0.0
XSEngine;1;1;iident;0.252;0.344;12.5;19.0;10;0;0;91.0;215.0;0.0;0.0
XSEngine;1;2;Inciident;0.618;0.742;33.0;42.0;10;0;0;91.0;215.0;0.0;0.0
XSEngine;1;2;Random;0.521;0.587;199.0;199.0;10;3;0;114.0;215.0;0.0;0.0
XSEngine;1;2;iident;0.99;1.209;33.5;48.0;10;0;0;91.0;215.0;0.0;0.0
XSEngine;1;3;Inciident;0.6535;0.893;35.5;44.0;10;0;0;91.0;215.0;0.0;0.0
XSEngine;1;3;Random;49.1435;70.231;285.0;285.0;10;1;0;77.0;161.0;0.0;0.0
XSEngine;1;3;iident;120.4365;177.962;33.5;46.0;10;0;0;91.0;215.0;0.0;0.0
XSEngine;2;1;Inciident;0.238;0.277;11.5;14.0;10;5;0;54.0;123.0;26.0;67.0
XSEngine;2;1;Random;0.077;0.196;14.5;106.0;10;8;0;77.0;105.0;0.5;1.0
XSEngine;2;1;iident;0.249;0.275;11.5;14.0;10;5;0;54.0;123.0;26.0;67.0
XSEngine;2;2;Inciident;0.4395;0.786;20.0;36.0;10;0;0;132.0;226.0;0.0;0.0
XSEngine;2;2;Random;0.496;0.554;199.0;199.0;10;1;0;149.0;226.0;0.0;0.0
XSEngine;2;2;iident;0.772;1.264;21.5;48.0;10;0;0;132.0;226.0;0.0;0.0
XSEngine;2;3;Inciident;0.853;1.514;43.0;64.0;10;0;0;132.0;226.0;0.0;0.0
XSEngine;2;3;Random;50.482;90.152;285.0;285.0;10;0;0;132.0;226.0;0.0;0.0
XSEngine;2;3;iident;133.22750000000002;206.391;42.5;49.0;10;0;0;132.0;226.0;0.0;0.0
XSEngine;3;1;Inciident;0.241;0.286;12.5;15.0;10;8;0;49.0;49.0;18.5;35.0
XSEngine;3;1;Random;0.0685;0.091;13.5;21.0;10;10;0;;;;
XSEngine;3;1;iident;0.252;0.262;12.5;15.0;10;8;0;49.0;49.0;18.5;35.0
XSEngine;3;2;Inciident;0.4455;0.827;23.0;46.0;10;3;0;131.0;221.0;14.0;35.0
XSEngine;3;2;Random;0.404;0.472;55.5;199.0;10;8;0;155.5;180.0;13.0;26.0
XSEngine;3;2;iident;0.799;0.953;22.0;39.0;10;5;0;121.0;180.0;1.0;36.0
XSEngine;3;3;Inciident;0.7075;1.918;33.0;69.0;10;0;0;160.0;261.0;0.0;0.0
XSEngine;3;3;Random;67.2815;111.682;285.0;285.0;10;0;0;160.0;261.0;0.0;0.0
XSEngine;3;3;iident;182.2055;301.981;30.0;47.0;10;0;0;160.0;261.0;0.0;0.0
aaed2000;1;1;Inciident;0.2445;0.285;12.0;14.0;10;0;0;100.5;890.0;0.0;0.0
aaed2000;1;1;Random;0.134;0.204;66.5;106.0;10;0;0;100.5;890.0;0.0;0.0
aaed2000;1;1;iident;0.2495;0.311;12.0;14.0;10;0;0;100.5;890.0;0.0;0.0
aaed2000;1;2;Inciident;0.658;18.786;40.0;249.0;10;0;0;100.5;890.0;0.0;0.0
aaed2000;1;2;Random;0.532;1.53;199.0;199.0;10;2;0;100.5;890.0;0.0;0.0
aaed2000;1;2;iident;1.124;21.799;41.0;278.0;10;0;0;100.5;890.0;0.0;0.0
aaed2000;1;3;Inciident;0.665;37.691;41.5;251.0;10;0;0;100.5;890.0;0.0;0.0
aaed2000;1;3;Random;52.185;697.353;286.0;286.0;10;2;0;100.5;890.0;0.0;0.0
aaed2000;1;3;iident;136.752;154.995;40.0;47.0;10;1;1;96.0;128.0;0.0;0.0
aaed2000;2;1;Inciident;0.2645;0.332;11.0;14.0;10;8;0;473.5;890.0;38.0;75.0
aaed2000;2;1;Random;0.073;0.192;14.0;106.0;10;9;0;890.0;890.0;1.0;1.0
aaed2000;2;1;iident;0.24;0.321;11.0;14.0;10;8;0;473.5;890.0;38.0;75.0
aaed2000;2;2;Inciident;0.431;11.637;22.0;152.0;10;0;0;125.0;891.0;0.0;0.0
aaed2000;2;2;Random;0.4865;1.509;199.0;199.0;10;0;0;125.0;891.0;0.0;0.0
aaed2000;2;2;iident;0.794;19.364;21.0;228.0;10;0;0;125.0;891.0;0.0;0.0
aaed2000;2;3;Inciident;0.8445;23.741;47.0;259.0;10;0;0;125.0;891.0;0.0;0.0
aaed2000;2;3;Random;56.506;683.192;286.0;286.0;10;0;0;125.0;891.0;0.0;0.0
aaed2000;2;3;iident;138.518;156.6;49.0;67.0;10;1;1;121.0;204.0;0.0;0.0
aaed2000;3;1;Inciident;0.2365;0.314;11.5;14.0;10;6;0;112.0;890.0;79.0;252.0
aaed2000;3;1;Random;0.075;0.217;16.0;106.0;10;9;0;890.0;890.0;1.0;1.0
aaed2000;3;1;iident;0.2405;0.307;11.5;14.0;10;6;0;112.0;890.0;79.0;252.0
aaed2000;3;2;Inciident;0.47750000000000004;13.755;23.0;175.0;10;4;0;139.5;891.0;70.5;110.0
aaed2000;3;2;Random;0.36050000000000004;1.523;42.0;199.0;10;6;0;175.0;891.0;15.0;119.0
aaed2000;3;2;iident;0.8045;20.708;20.0;228.0;10;3;0;124.0;891.0;39.0;77.0
aaed2000;3;3;Inciident;0.7204999999999999;25.391;31.5;252.0;10;0;0;181.5;891.0;0.0;0.0
aaed2000;3;3;Random;61.003;705.35;286.0;286.0;10;0;0;181.5;891.0;0.0;0.0
aaed2000;3;3;iident;140.773;203.702;28.0;41.0;10;1;1;178.0;304.0;0.0;0.0
am31_sim;1;1;Inciident;0.2285;0.282;12.0;14.0;10;0;0;115.0;154.0;0.0;0.0
am31_sim;1;1;Random;0.11199999999999999;0.202;62.0;105.0;10;0;0;115.0;154.0;0.0;0.0
am31_sim;1;1;iident;0.227;0.272;12.0;14.0;10;0;0;115.0;154.0;0.0;0.0
am31_sim;1;2;Inciident;0.538;0.638;33.0;40.0;10;0;0;115.0;154.0;0.0;0.0
am31_sim;1;2;Random;0.47650000000000003;0.519;196.0;196.0;10;3;0;110.0;154.0;0.0;0.0
am31_sim;1;2;iident;0.8955;1.083;34.5;49.0;10;1;0;120.0;154.0;0.0;0.0
am31_sim;1;3;Inciident;0.604;0.728;35.0;43.0;10;0;0;115.0;154.0;0.0;0.0
am31_sim;1;3;Random;39.51;65.859;282.0;282.0;10;1;0;110.0;141.0;0.0;0.0
am31_sim;1;3;iident;95.0535;129.31;33.5;38.0;10;0;0;115.0;154.0;0.0;0.0
am31_sim;2;1;Inciident;0.2365;0.281;11.5;13.0;10;7;0;73.0;184.0;3.0;26.0
am31_sim;2;1;Random;0.075;0.163;18.0;105.0;10;8;0;119.0;184.0;1.5;3.0
am31_sim;2;1;iident;0.237;0.285;11.5;13.0;10;7;0;73.0;184.0;3.0;26.0
am31_sim;2;2;Inciident;0.4275;0.737;25.0;47.0;10;0;0;126.5;184.0;0.0;0.0
am31_sim;2;2;Random;0.45;0.554;196.0;196.0;10;1;0;125.0;176.0;0.0;0.0
am31_sim;2;2;iident;0.706;0.955;21.5;34.0;10;0;0;126.5;184.0;0.0;0.0
am31_sim;2;3;Inciident;0.8265;1.071;46.5;65.0;10;0;0;126.5;184.0;0.0;0.0
am31_sim;2;3;Random;47.952;81.219;282.0;282.0;10;2;0;126.5;184.0;0.0;0.0
am31_sim;2;3;iident;96.703;140.202;43.5;55.0;10;0;0;126.5;184.0;0.0;0.0
am31_sim;3;1;Inciident;0.228;0.293;11.5;13.0;10;7;0;73.0;184.0;29.0;35.0
am31_sim;3;1;Random;0.0625;0.123;15.5;58.0;10;10;0;;;;
am31_sim;3;1;iident;0.2415;0.269;11.5;13.0;10;7;0;73.0;184.0;29.0;35.0
am31_sim;3;2;Inciident;0.4105;0.561;23.0;33.0;10;4;0;124.5;213.0;6.0;87.0
am31_sim;3;2;Random;0.3165;0.513;38.0;196.0;10;7;0;125.0;213.0;5.0;26.0
am31_sim;3;2;iident;0.703;0.784;21.0;27.0;10;3;0;116.0;213.0;2.0;101.0
am31_sim;3;3;Inciident;0.692;0.99;35.0;46.0;10;0;0;134.5;213.0;0.0;0.0
am31_sim;3;3;Random;50.093;129.758;282.0;282.0;10;0;0;134.5;213.0;0.0;0.0
am31_sim;3;3;iident;98.3445;248.057;31.0;41.0;10;0;0;134.5;213.0;0.0;0.0
atlas_mips32_4kc;1;1;Inciident;0.251;0.298;12.0;15.0;10;0;0;125.5;250.0;0.0;0.0
atlas_mips32_4kc;1;1;Random;0.1775;0.241;106.0;106.0;10;0;0;125.5;250.0;0.0;0.0
atlas_mips32_4kc;1;1;iident;0.2585;0.281;12.0;15.0;10;0;0;125.5;250.0;0.0;0.0
atlas_mips32_4kc;1;2;Inciident;0.6615;0.977;37.0;55.0;10;0;0;125.5;250.0;0.0;0.0
atlas_mips32_4kc;1;2;Random;0.4985;0.603;198.0;198.0;10;0;0;125.5;250.0;0.0;0.0
atlas_mips32_4kc;1;2;iident;1.009;1.287;36.5;49.0;10;0;0;125.5;250.0;0.0;0.0
atlas_mips32_4kc;1;3;Inciident;0.7215;1.009;39.5;56.0;10;0;0;125.5;250.0;0.0;0.0
atlas_mips32_4kc;1;3;Random;46.8615;82.545;284.0;284.0;10;0;0;125.5;250.0;0.0;0.0
atlas_mips32_4kc;1;3;iident;116.8455;211.512;33.0;44.0;10;0;0;125.5;250.0;0.0;0.0
atlas_mips32_4kc;2;1;Inciident;0.23399999999999999;0.279;12.0;15.0;10;8;0;165.5;250.0;1.0;1.0
atlas_mips32_4kc;2;1;Random;0.0725;0.108;18.5;32.0;10;10;0;;;;
atlas_mips32_4kc;2;1;iident;0.226;0.296;12.0;15.0;10;8;0;165.5;250.0;1.0;1.0
atlas_mips32_4kc;2;2;Inciident;0.45399999999999996;0.666;21.5;35.0;10;0;0;161.0;251.0;0.0;0.0
atlas_mips32_4kc;2;2;Random;0.5095000000000001;0.551;198.0;198.0;10;0;0;161.0;251.0;0.0;0.0
atlas_mips32_4kc;2;2;iident;0.7735000000000001;1.038;21.0;46.0;10;0;0;161.0;251.0;0.0;0.0
atlas_mips32_4kc;2;3;Inciident;0.9564999999999999;1.702;43.5;75.0;10;0;0;161.0;251.0;0.0;0.0
atlas_mips32_4kc;2;3;Random;53.3245;104.445;284.0;284.0;10;0;0;161.0;251.0;0.0;0.0
atlas_mips32_4kc;2;3;iident;126.71699999999998;260.936;38.5;68.0;10;0;0;161.0;251.0;0.0;0.0
atlas_mips32_4kc;3;1;Inciident;0.243;0.29;12.0;14.0;10;9;0;81.0;81.0;3.0;3.0
atlas_mips32_4kc;3;1;Random;0.072;0.099;17.5;32.0;10;10;0;;;;
atlas_mips32_4kc;3;1;iident;0.2455;0.281;12.0;14.0;10;9;0;81.0;81.0;3.0;3.0
atlas_mips32_4kc;3;2;Inciident;0.4585;0.999;24.5;55.0;10;3;0;143.0;186.0;2.0;31.0
atlas_mips32_4kc;3;2;Random;0.425;0.555;103.5;198.0;10;8;0;150.5;186.0;0.0;0.0
atlas_mips32_4kc;3;2;iident;0.7685;1.051;20.5;40.0;10;6;0;125.0;186.0;1.0;9.0
atlas_mips32_4kc;3;3;Inciident;0.7495;1.922;42.0;89.0;10;0;0;165.0;280.0;0.0;0.0
atlas_mips32_4kc;3;3;Random;65.7305;108.946;284.0;284.0;10;0;0;165.0;280.0;0.0;0.0
atlas_mips32_4kc;3;3;iident;142.5765;278.537;32.0;82.0;10;0;0;165.0;280.0;0.0;0.0
axTLS;1;1;Inciident;0.058;0.076;9.0;10.0;100;0;0;37.0;40.0;0.0;0.0
axTLS;1;1;Random;0.032;0.058;13.5;63.0;100;0;0;37.0;40.0;0.0;0.0
axTLS;1;1;iident;0.058;0.075;9.0;10.0;100;0;0;37.0;40.0;0.0;0.0
axTLS;1;2;Inciident;0.0845;0.123;14.0;18.0;100;0;0;37.0;40.0;0.0;0.0
axTLS;1;2;Random;0.049;0.091;28.0;112.0;100;25;0;38.0;40.0;0.0;0.0
axTLS;1;2;iident;0.1345;0.159;13.0;16.0;100;16;0;37.5;40.0;0.0;0.0
axTLS;1;3;Inciident;0.087;0.137;16.0;20.0;100;0;0;37.0;40.0;0.0;0.0
axTLS;1;3;Random;0.09;0.154;22.5;155.0;100;39;0;38.0;40.0;0.0;0.0
axTLS;1;3;iident;0.245;0.293;15.0;19.0;100;20;0;38.0;40.0;0.0;0.0
axTLS;2;1;Inciident;0.055;0.067;8.0;9.0;100;70;0;36.0;39.0;2.0;7.0
axTLS;2;1;Random;0.026;0.033;9.0;29.0;100;75;0;36.0;39.0;1.0;6.0
axTLS;2;1;iident;0.055;0.067;8.0;9.0;100;70;0;36.0;39.0;2.0;7.0
axTLS;2;2;Inciident;0.1025;0.154;15.0;19.0;100;0;0;39.0;43.0;0.0;0.0
axTLS;2;2;Random;0.074;0.115;112.0;112.0;100;0;0;39.0;43.0;0.0;0.0
axTLS;2;2;iident;0.1365;0.156;13.0;16.0;100;0;0;39.0;43.0;0.0;0.0
axTLS;2;3;Inciident;0.1185;0.199;18.5;32.0;100;0;0;39.0;43.0;0.0;0.0
axTLS;2;3;Random;0.1365;0.185;155.0;155.0;100;4;0;39.0;43.0;0.0;0.0
axTLS;2;3;iident;0.2595;0.332;16.0;23.0;100;6;0;39.0;43.0;0.0;0.0
axTLS;3;1;Inciident;0.053;0.064;7.5;10.0;100;80;0;36.0;39.0;4.0;7.0
axTLS;3;1;Random;0.025;0.039;9.0;16.0;100;86;0;35.0;38.0;3.5;8.0
axTLS;3;1;iident;0.055;0.071;7.5;10.0;100;80;0;36.0;39.0;4.0;7.0
axTLS;3;2;Inciident;0.115;0.155;16.0;21.0;100;48;0;39.0;42.0;2.0;11.0
axTLS;3;2;Random;0.044;0.093;23.0;112.0;100;82;0;39.0;42.0;1.0;6.0
axTLS;3;2;iident;0.134;0.158;13.0;16.0;100;66;0;39.0;42.0;1.5;7.0
axTLS;3;3;Inciident;0.143;0.364;21.5;38.0;100;0;0;41.0;47.0;0.0;0.0
axTLS;3;3;Random;0.149;0.204;155.0;155.0;100;0;0;41.0;47.0;0.0;0.0
axTLS;3;3;iident;0.275;0.315;18.0;27.0;100;0;0;41.0;47.0;0.0;0.0
berkeleyDB1;1;1;Inciident;0.06;0.085;9.0;11.0;100;0;0;15.0;51.0;0.0;0.0
berkeleyDB1;1;1;Random;0.032;0.06;18.0;64.0;100;0;0;15.0;51.0;0.0;0.0
berkeleyDB1;1;1;iident;0.06;0.079;9.0;11.0;100;0;0;15.0;51.0;0.0;0.0
berkeleyDB1;1;2;Inciident;0.111;0.199;16.5;28.0;100;0;0;15.0;51.0;0.0;0.0
berkeleyDB1;1;2;Random;0.086;0.144;115.0;115.0;100;3;0;15.0;51.0;0.0;0.0
berkeleyDB1;1;2;iident;0.151;0.228;14.0;25.0;100;4;0;15.0;51.0;0.0;0.0
berkeleyDB1;1;3;Inciident;0.115;0.215;18.5;31.0;100;0;0;15.0;51.0;0.0;0.0
berkeleyDB1;1;3;Random;0.189;0.288;160.0;160.0;100;10;0;16.0;51.0;0.0;0.0
berkeleyDB1;1;3;iident;0.2985;0.408;15.0;24.0;100;5;0;15.0;51.0;0.0;0.0
berkeleyDB1;2;1;Inciident;0.0595;0.074;8.0;11.0;100;34;0;30.0;51.0;1.0;32.0
berkeleyDB1;2;1;Random;0.029;0.064;11.0;64.0;100;51;0;31.0;51.0;0.0;26.0
berkeleyDB1;2;1;iident;0.059;0.084;8.0;11.0;100;34;0;30.0;51.0;1.0;32.0
berkeleyDB1;2;2;Inciident;0.115;0.196;15.0;25.0;100;0;0;31.0;51.0;0.0;0.0
berkeleyDB1;2;2;Random;0.078;0.152;115.0;115.0;100;0;0;31.0;51.0;0.0;0.0
berkeleyDB1;2;2;iident;0.148;0.208;13.5;22.0;100;0;0;31.0;51.0;0.0;0.0
berkeleyDB1;2;3;Inciident;0.149;0.266;19.5;42.0;100;0;0;31.0;51.0;0.0;0.0
berkeleyDB1;2;3;Random;0.2085;0.31;160.0;160.0;100;1;0;31.0;51.0;0.0;0.0
berkeleyDB1;2;3;iident;0.3125;0.423;17.0;30.0;100;0;0;31.0;51.0;0.0;0.0
berkeleyDB1;3;1;Inciident;0.057;0.087;8.0;11.0;100;50;0;31.0;51.0;1.0;32.0
berkeleyDB1;3;1;Random;0.0265;0.06;10.0;64.0;100;69;0;31.0;51.0;1.0;26.0
berkeleyDB1;3;1;iident;0.0575;0.075;8.0;11.0;100;50;0;31.0;51.0;1.0;32.0
berkeleyDB1;3;2;Inciident;0.1175;0.206;15.0;26.0;100;23;0;32.0;51.0;0.0;27.0
berkeleyDB1;3;2;Random;0.056;0.148;46.5;115.0;100;33;0;35.0;51.0;0.0;26.0
berkeleyDB1;3;2;iident;0.1455;0.208;13.0;22.0;100;24;0;32.0;51.0;0.0;27.0
berkeleyDB1;3;3;Inciident;0.161;0.272;20.0;41.0;100;0;0;33.5;51.0;0.0;0.0
berkeleyDB1;3;3;Random;0.1915;0.3;160.0;160.0;100;0;0;33.5;51.0;0.0;0.0
berkeleyDB1;3;3;iident;0.312;0.393;18.0;35.0;100;0;0;33.5;51.0;0.0;0.0
berkeleyDB2;1;1;Inciident;0.077;0.089;9.0;11.0;100;0;0;18.0;48.0;0.0;0.0
berkeleyDB2;1;1;Random;0.057;0.075;71.0;71.0;100;0;0;18.0;48.0;0.0;0.0
berkeleyDB2;1;1;iident;0.077;0.096;9.0;11.0;100;0;0;18.0;48.0;0.0;0.0
berkeleyDB2;1;2;Inciident;0.125;0.253;17.0;27.0;100;0;0;18.0;48.0;0.0;0.0
berkeleyDB2;1;2;Random;0.101;0.15;128.0;128.0;100;3;0;18.0;48.0;0.0;0.0
berkeleyDB2;1;2;iident;0.185;0.269;15.0;21.0;100;2;0;18.0;48.0;0.0;0.0
berkeleyDB2;1;3;Inciident;0.134;0.256;19.0;30.0;100;0;0;18.0;48.0;0.0;0.0
berkeleyDB2;1;3;Random;0.274;0.391;179.0;179.0;100;12;0;19.0;48.0;0.0;0.0
berkeleyDB2;1;3;iident;0.4265;0.576;17.0;21.0;100;5;0;19.0;48.0;0.0;0.0
berkeleyDB2;2;1;Inciident;0.073;0.093;8.0;11.0;100;54;0;23.0;48.0;2.0;13.0
berkeleyDB2;2;1;Random;0.031;0.074;10.0;71.0;100;79;0;17.0;48.0;1.0;15.0
berkeleyDB2;2;1;iident;0.075;0.09;8.0;11.0;100;54;0;23.0;48.0;2.0;13.0
berkeleyDB2;2;2;Inciident;0.1385;0.237;16.0;32.0;100;0;0;24.0;69.0;0.0;0.0
berkeleyDB2;2;2;Random;0.1005;0.171;128.0;128.0;100;0;0;24.0;69.0;0.0;0.0
berkeleyDB2;2;2;iident;0.18;0.232;14.0;24.0;100;0;0;24.0;69.0;0.0;0.0
berkeleyDB2;2;3;Inciident;0.1835;0.487;22.5;68.0;100;0;0;24.0;69.0;0.0;0.0
berkeleyDB2;2;3;Random;0.2905;0.387;179.0;179.0;100;2;0;24.0;69.0;0.0;0.0
berkeleyDB2;2;3;iident;0.453;0.666;18.5;55.0;100;0;0;24.0;69.0;0.0;0.0
berkeleyDB2;3;1;Inciident;0.072;0.092;8.0;11.0;100;75;0;20.0;48.0;6.0;33.0
berkeleyDB2;3;1;Random;0.0295;0.042;10.0;26.0;100;93;0;19.0;33.0;6.0;8.0
berkeleyDB2;3;1;iident;0.073;0.088;8.0;11.0;100;75;0;20.0;48.0;6.0;33.0
berkeleyDB2;3;2;Inciident;0.1485;0.235;17.0;30.0;100;38;0;25.5;69.0;1.0;19.0
berkeleyDB2;3;2;Random;0.0625;0.128;32.0;128.0;100;70;0;26.5;69.0;0.0;13.0
berkeleyDB2;3;2;iident;0.18;0.227;14.0;24.0;100;42;0;25.0;69.0;1.0;12.0
berkeleyDB2;3;3;Inciident;0.213;0.564;23.0;67.0;100;0;0;28.0;69.0;0.0;0.0
berkeleyDB2;3;3;Random;0.2825;0.402;179.0;179.0;100;1;0;28.0;69.0;0.0;0.0
berkeleyDB2;3;3;iident;0.4455;0.651;19.0;55.0;100;0;0;28.0;69.0;0.0;0.0
busybox-1_18_0;1;1;Inciident;0.201;0.227;13.0;13.0;10;0;0;43.0;44.0;0.0;0.0
busybox-1_18_0;1;1;Random;0.07050000000000001;0.161;15.5;100.0;10;0;0;43.0;44.0;0.0;0.0
busybox-1_18_0;1;1;iident;0.203;0.232;13.0;13.0;10;0;0;43.0;44.0;0.0;0.0
busybox-1_18_0;1;2;Inciident;0.279;0.486;23.0;30.0;10;0;0;43.0;44.0;0.0;0.0
busybox-1_18_0;1;2;Random;0.2465;0.345;48.5;187.0;10;3;0;43.0;44.0;0.0;0.0
busybox-1_18_0;1;2;iident;0.534;0.603;22.0;24.0;10;1;0;43.0;44.0;0.0;0.0
busybox-1_18_0;1;3;Inciident;0.31;0.503;25.0;32.0;10;0;0;43.0;44.0;0.0;0.0
busybox-1_18_0;1;3;Random;11.1995;24.946;44.0;104.0;10;5;0;43.0;44.0;0.0;0.0
busybox-1_18_0;1;3;iident;26.999000000000002;62.135;26.0;28.0;10;4;0;43.0;44.0;0.0;0.0
busybox-1_18_0;2;1;Inciident;0.1895;0.216;11.0;13.0;10;8;0;42.0;43.0;1.5;2.0
busybox-1_18_0;2;1;Random;0.057;0.072;12.5;18.0;10;10;0;;;;
busybox-1_18_0;2;1;iident;0.2015;0.237;11.0;13.0;10;8;0;42.0;43.0;1.5;2.0
busybox-1_18_0;2;2;Inciident;0.3615;0.512;23.0;32.0;10;0;0;44.0;47.0;0.0;0.0
busybox-1_18_0;2;2;Random;0.2395;0.33;30.5;187.0;10;0;0;44.0;47.0;0.0;0.0
busybox-1_18_0;2;2;iident;0.56;0.69;21.5;32.0;10;0;0;44.0;47.0;0.0;0.0
busybox-1_18_0;2;3;Inciident;0.432;0.625;35.0;46.0;10;0;0;44.0;47.0;0.0;0.0
busybox-1_18_0;2;3;Random;12.9725;26.865;154.0;268.0;10;2;0;44.0;47.0;0.0;0.0
busybox-1_18_0;2;3;iident;53.936;104.253;30.5;42.0;10;0;0;44.0;47.0;0.0;0.0
busybox-1_18_0;3;1;Inciident;0.1995;0.237;12.0;13.0;10;8;0;43.0;43.0;3.0;4.0
busybox-1_18_0;3;1;Random;0.0615;0.072;13.5;18.0;10;8;0;42.0;43.0;3.0;4.0
busybox-1_18_0;3;1;iident;0.199;0.22;12.0;13.0;10;8;0;43.0;43.0;3.0;4.0
busybox-1_18_0;3;2;Inciident;0.427;0.538;30.0;33.0;10;7;0;43.0;46.0;2.0;5.0
busybox-1_18_0;3;2;Random;0.229;0.261;35.5;65.0;10;8;0;42.0;43.0;4.5;7.0
busybox-1_18_0;3;2;iident;0.556;0.695;22.0;35.0;10;9;0;42.0;42.0;3.0;3.0
busybox-1_18_0;3;3;Inciident;0.544;0.762;38.5;51.0;10;0;0;46.5;48.0;0.0;0.0
busybox-1_18_0;3;3;Random;19.130000000000003;28.812;120.5;268.0;10;0;0;46.5;48.0;0.0;0.0
busybox-1_18_0;3;3;iident;81.457;143.458;39.0;61.0;10;0;0;46.5;48.0;0.0;0.0
busybox-1_29_2;1;1;Inciident;0.21;0.238;13.0;14.0;10;0;0;13.0;17.0;0.0;0.0
busybox-1_29_2;1;1;Random;0.074;0.076;15.5;23.0;10;0;0;13.0;17.0;0.0;0.0
busybox-1_29_2;1;1;iident;0.218;0.245;13.0;14.0;10;0;0;13.0;17.0;0.0;0.0
busybox-1_29_2;1;2;Inciident;0.336;0.473;24.0;35.0;10;0;0;13.0;17.0;0.0;0.0
busybox-1_29_2;1;2;Random;0.3355;0.403;78.5;193.0;10;1;0;13.0;17.0;0.0;0.0
busybox-1_29_2;1;2;iident;0.62;0.766;23.5;30.0;10;1;0;13.0;17.0;0.0;0.0
busybox-1_29_2;1;3;Inciident;0.3435;0.498;27.0;37.0;10;0;0;13.0;17.0;0.0;0.0
busybox-1_29_2;1;3;Random;21.170499999999997;44.884;55.0;277.0;10;1;0;13.0;17.0;0.0;0.0
busybox-1_29_2;1;3;iident;57.445;140.141;27.0;31.0;10;0;0;13.0;17.0;0.0;0.0
busybox-1_29_2;2;1;Inciident;0.2185;0.232;13.0;13.0;10;6;0;12.5;15.0;1.5;3.0
busybox-1_29_2;2;1;Random;0.0675;0.085;14.0;20.0;10;7;0;12.0;13.0;3.0;4.0
busybox-1_29_2;2;1;iident;0.2155;0.234;13.0;13.0;10;6;0;12.5;15.0;1.5;3.0
busybox-1_29_2;2;2;Inciident;0.40800000000000003;0.623;23.0;45.0;10;0;0;15.5;18.0;0.0;0.0
busybox-1_29_2;2;2;Random;0.3095;0.424;49.5;193.0;10;0;0;15.5;18.0;0.0;0.0
busybox-1_29_2;2;2;iident;0.6385000000000001;0.805;23.0;32.0;10;0;0;15.5;18.0;0.0;0.0
busybox-1_29_2;2;3;Inciident;0.536;0.853;38.0;65.0;10;0;0;15.5;18.0;0.0;0.0
busybox-1_29_2;2;3;Random;36.271;63.742;277.0;277.0;10;0;0;15.5;18.0;0.0;0.0
busybox-1_29_2;2;3;iident;77.929;255.909;33.5;46.0;10;0;0;15.5;18.0;0.0;0.0
busybox-1_29_2;3;1;Inciident;0.2175;0.239;12.0;13.0;10;9;0;15.0;15.0;2.0;2.0
busybox-1_29_2;3;1;Random;0.075;0.087;15.5;23.0;10;8;0;12.5;13.0;2.5;3.0
busybox-1_29_2;3;1;iident;0.2095;0.238;12.0;13.0;10;9;0;15.0;15.0;2.0;2.0
busybox-1_29_2;3;2;Inciident;0.5485;0.762;32.0;53.0;10;7;0;12.0;14.0;3.0;3.0
busybox-1_29_2;3;2;Random;0.2925;0.374;45.0;89.0;10;7;0;15.0;16.0;3.0;5.0
busybox-1_29_2;3;2;iident;0.6955;0.834;24.0;39.0;10;10;0;;;;
busybox-1_29_2;3;3;Inciident;0.708;2.088;48.0;125.0;10;0;0;17.0;21.0;0.0;0.0
busybox-1_29_2;3;3;Random;52.421;70.282;96.5;277.0;10;0;0;17.0;21.0;0.0;0.0
busybox-1_29_2;3;3;iident;110.87950000000001;284.291;41.5;74.0;10;0;0;17.0;21.0;0.0;0.0
busybox_2007-01-24_09-14-09;1;1;Inciident;0.1565;0.187;12.0;13.0;100;0;0;8.0;15.0;0.0;0.0
busybox_2007-01-24_09-14-09;1;1;Random;0.0505;0.071;14.0;22.0;100;0;0;8.0;15.0;0.0;0.0
busybox_2007-01-24_09-14-09;1;1;iident;0.16;0.187;12.0;13.0;100;0;0;8.0;15.0;0.0;0.0
busybox_2007-01-24_09-14-09;1;2;Inciident;0.2585;0.383;23.0;30.0;100;0;0;8.0;15.0;0.0;0.0
busybox_2007-01-24_09-14-09;1;2;Random;0.212;0.326;62.0;175.0;100;15;0;8.0;15.0;0.0;0.0
busybox_2007-01-24_09-14-09;1;2;iident;0.4725;0.541;22.0;31.0;100;7;0;8.0;15.0;0.0;0.0
busybox_2007-01-24_09-14-09;1;3;Inciident;0.268;0.399;26.0;33.0;100;0;0;8.0;15.0;0.0;0.0
busybox_2007-01-24_09-14-09;1;3;Random;3.364;5.021;46.0;249.0;100;32;0;8.0;15.0;0.0;0.0
busybox_2007-01-24_09-14-09;1;3;iident;10.859;31.75;25.0;34.0;100;8;0;8.0;15.0;0.0;0.0
busybox_2007-01-24_09-14-09;2;1;Inciident;0.1545;0.207;11.0;13.0;100;70;0;7.0;11.0;2.0;6.0
busybox_2007-01-24_09-14-09;2;1;Random;0.045;0.065;12.0;20.0;100;82;0;6.0;10.0;2.5;5.0
busybox_2007-01-24_09-14-09;2;1;iident;0.159;0.198;11.0;13.0;100;70;0;7.0;11.0;2.0;6.0
busybox_2007-01-24_09-14-09;2;2;Inciident;0.277;0.48;23.0;34.0;100;0;0;9.0;16.0;0.0;0.0
busybox_2007-01-24_09-14-09;2;2;Random;0.191;0.264;30.0;175.0;100;0;0;9.0;16.0;0.0;0.0
busybox_2007-01-24_09-14-09;2;2;iident;0.471;0.578;21.0;31.0;100;0;0;9.0;16.0;0.0;0.0
busybox_2007-01-24_09-14-09;2;3;Inciident;0.358;0.531;32.0;50.0;100;0;0;9.0;16.0;0.0;0.0
busybox_2007-01-24_09-14-09;2;3;Random;4.038;7.821;193.0;249.0;100;7;0;9.0;16.0;0.0;0.0
busybox_2007-01-24_09-14-09;2;3;iident;13.1815;34.939;31.0;47.0;100;3;0;9.0;16.0;0.0;0.0
busybox_2007-01-24_09-14-09;3;1;Inciident;0.153;0.187;11.0;13.0;100;89;0;6.0;8.0;4.0;12.0
busybox_2007-01-24_09-14-09;3;1;Random;0.045;0.063;13.0;20.0;100;86;0;6.0;9.0;5.0;7.0
busybox_2007-01-24_09-14-09;3;1;iident;0.162;0.196;11.0;13.0;100;89;0;6.0;8.0;4.0;12.0
busybox_2007-01-24_09-14-09;3;2;Inciident;0.3325;0.474;25.0;39.0;100;73;0;8.0;12.0;2.0;6.0
busybox_2007-01-24_09-14-09;3;2;Random;0.19;0.259;30.0;84.0;100;78;0;8.0;12.0;2.0;6.0
busybox_2007-01-24_09-14-09;3;2;iident;0.4955;0.649;23.0;41.0;100;73;0;8.0;17.0;2.0;5.0
busybox_2007-01-24_09-14-09;3;3;Inciident;0.4315;0.847;37.0;65.0;100;0;0;11.0;18.0;0.0;0.0
busybox_2007-01-24_09-14-09;3;3;Random;4.888999999999999;8.947;64.0;249.0;100;0;0;11.0;18.0;0.0;0.0
busybox_2007-01-24_09-14-09;3;3;iident;21.274500000000003;37.933;32.5;66.0;100;0;0;11.0;18.0;0.0;0.0
busybox_2020-12-16_21-53-05;1;1;Inciident;0.2155;0.243;13.0;14.0;10;0;0;14.0;18.0;0.0;0.0
busybox_2020-12-16_21-53-05;1;1;Random;0.0695;0.173;15.5;104.0;10;0;0;14.0;18.0;0.0;0.0
busybox_2020-12-16_21-53-05;1;1;iident;0.215;0.234;13.0;14.0;10;0;0;14.0;18.0;0.0;0.0
busybox_2020-12-16_21-53-05;1;2;Inciident;0.335;0.503;25.5;32.0;10;0;0;14.0;18.0;0.0;0.0
busybox_2020-12-16_21-53-05;1;2;Random;0.3235;0.444;82.5;194.0;10;1;0;14.0;18.0;0.0;0.0
busybox_2020-12-16_21-53-05;1;2;iident;0.656;0.788;24.5;28.0;10;0;0;14.0;18.0;0.0;0.0
busybox_2020-12-16_21-53-05;1;3;Inciident;0.3585;0.491;27.5;34.0;10;0;0;14.0;18.0;0.0;0.0
busybox_2020-12-16_21-53-05;1;3;Random;26.1415;45.625;69.0;278.0;10;2;0;14.0;18.0;0.0;0.0
busybox_2020-12-16_21-53-05;1;3;iident;70.5645;165.567;27.5;31.0;10;3;0;14.0;18.0;0.0;0.0
busybox_2020-12-16_21-53-05;2;1;Inciident;0.2115;0.254;12.0;13.0;10;5;0;14.0;18.0;1.0;3.0
busybox_2020-12-16_21-53-05;2;1;Random;0.0725;0.087;14.5;23.0;10;9;0;12.0;12.0;8.0;8.0
busybox_2020-12-16_21-53-05;2;1;iident;0.2105;0.234;12.0;13.0;10;5;0;14.0;18.0;1.0;3.0
busybox_2020-12-16_21-53-05;2;2;Inciident;0.346;0.41;22.0;25.0;10;0;0;15.0;20.0;0.0;0.0
busybox_2020-12-16_21-53-05;2;2;Random;0.296;0.432;37.5;194.0;10;0;0;15.0;20.0;0.0;0.0
busybox_2020-12-16_21-53-05;2;2;iident;0.7295;0.829;23.5;29.0;10;0;0;15.0;20.0;0.0;0.0
busybox_2020-12-16_21-53-05;2;3;Inciident;0.4385;0.586;32.0;41.0;10;0;0;15.0;20.0;0.0;0.0
busybox_2020-12-16_21-53-05;2;3;Random;39.819;70.553;202.5;278.0;10;0;0;15.0;20.0;0.0;0.0
busybox_2020-12-16_21-53-05;2;3;iident;152.6735;231.488;38.0;42.0;10;0;0;15.0;20.0;0.0;0.0
busybox_2020-12-16_21-53-05;3;1;Inciident;0.2145;0.227;12.5;13.0;10;8;0;13.0;14.0;2.5;3.0
busybox_2020-12-16_21-53-05;3;1;Random;0.0685;0.094;15.0;23.0;10;10;0;;;;
busybox_2020-12-16_21-53-05;3;1;iident;0.2215;0.248;12.5;13.0;10;8;0;13.0;14.0;2.5;3.0
busybox_2020-12-16_21-53-05;3;2;Inciident;0.47150000000000003;0.657;29.0;39.0;10;7;0;12.0;19.0;4.0;5.0
busybox_2020-12-16_21-53-05;3;2;Random;0.313;0.338;44.0;61.0;10;10;0;;;;
busybox_2020-12-16_21-53-05;3;2;iident;0.7315;0.865;24.5;38.0;10;6;0;14.0;16.0;1.5;3.0
busybox_2020-12-16_21-53-05;3;3;Inciident;0.614;1.1;41.0;66.0;10;0;0;16.0;21.0;0.0;0.0
busybox_2020-12-16_21-53-05;3;3;Random;55.364000000000004;73.221;79.0;278.0;10;0;0;16.0;21.0;0.0;0.0
busybox_2020-12-16_21-53-05;3;3;iident;182.86700000000002;320.386;37.5;76.0;10;0;0;16.0;21.0;0.0;0.0
calculate;1;1;Inciident;0.024;0.029;6.0;7.0;100;0;0;3.0;4.0;0.0;0.0
calculate;1;1;Random;0.019;0.03;10.0;33.0;100;0;0;3.0;4.0;0.0;0.0
calculate;1;1;iident;0.024;0.028;6.0;7.0;100;0;0;3.0;4.0;0.0;0.0
calculate;1;2;Inciident;0.0365;0.05;9.0;12.0;100;0;0;3.0;4.0;0.0;0.0
calculate;1;2;Random;0.028;0.043;22.5;52.0;100;18;0;4.0;4.0;0.0;0.0
calculate;1;2;iident;0.039;0.048;7.0;8.0;100;20;0;4.0;4.0;0.0;0.0
calculate;1;3;Inciident;0.0385;0.052;11.0;14.0;100;0;0;3.0;4.0;0.0;0.0
calculate;1;3;Random;0.026;0.047;11.0;45.0;100;41;0;4.0;4.0;0.0;0.0
calculate;1;3;iident;0.046;0.06;7.0;8.0;100;24;0;4.0;4.0;0.0;0.0
calculate;2;1;Inciident;0.023;0.029;6.0;7.0;100;28;0;4.0;4.0;1.0;5.0
calculate;2;1;Random;0.017;0.03;8.0;33.0;100;52;0;4.0;4.0;0.0;3.0
calculate;2;1;iident;0.023;0.031;6.0;7.0;100;28;0;4.0;4.0;1.0;5.0
calculate;2;2;Inciident;0.0395;0.053;9.0;12.0;100;0;0;4.0;7.0;0.0;0.0
calculate;2;2;Random;0.035;0.041;52.0;52.0;100;0;0;4.0;7.0;0.0;0.0
calculate;2;2;iident;0.04;0.049;7.0;9.0;100;0;0;4.0;7.0;0.0;0.0
calculate;2;3;Inciident;0.043;0.068;11.0;16.0;100;0;0;4.0;7.0;0.0;0.0
calculate;2;3;Random;0.037;0.055;32.5;62.0;100;12;0;4.0;7.0;0.0;0.0
calculate;2;3;iident;0.05;0.069;7.0;9.0;100;3;0;4.0;7.0;0.0;0.0
calculate;3;1;Inciident;0.022;0.029;5.0;6.0;100;54;0;4.0;4.0;2.0;5.0
calculate;3;1;Random;0.015;0.022;7.0;26.0;100;72;0;4.0;4.0;1.0;5.0
calculate;3;1;iident;0.022;0.027;5.0;6.0;100;54;0;4.0;4.0;2.0;5.0
calculate;3;2;Inciident;0.04;0.049;8.0;12.0;100;6;0;6.0;7.0;0.0;2.0
calculate;3;2;Random;0.033;0.043;48.5;52.0;100;16;0;6.0;7.0;0.0;2.0
calculate;3;2;iident;0.039;0.049;7.0;9.0;100;8;0;6.0;7.0;0.0;3.0
calculate;3;3;Inciident;0.0495;0.07;11.0;15.0;100;0;0;6.0;9.0;0.0;0.0
calculate;3;3;Random;0.044;0.064;62.0;62.0;100;1;0;6.0;9.0;0.0;0.0
calculate;3;3;iident;0.055;0.071;8.0;10.0;100;0;0;6.0;9.0;0.0;0.0
car;1;1;Inciident;0.026;0.034;5.0;7.0;100;0;0;12.0;16.0;0.0;0.0
car;1;1;Random;0.028;0.034;35.0;35.0;100;0;0;12.0;16.0;0.0;0.0
car;1;1;iident;0.025;0.034;5.0;7.0;100;0;0;12.0;16.0;0.0;0.0
car;1;2;Inciident;0.04;0.056;8.0;10.0;100;0;0;12.0;16.0;0.0;0.0
car;1;2;Random;0.0415;0.062;55.0;55.0;100;15;0;12.0;16.0;0.0;0.0
car;1;2;iident;0.041;0.056;5.0;8.0;100;15;0;12.0;16.0;0.0;0.0
car;1;3;Inciident;0.0415;0.058;10.0;12.0;100;0;0;12.0;16.0;0.0;0.0
car;1;3;Random;0.0485;0.083;67.0;67.0;100;21;0;12.0;16.0;0.0;0.0
car;1;3;iident;0.052;0.081;6.0;7.0;100;8;0;12.0;16.0;0.0;0.0
car;2;1;Inciident;0.026;0.032;5.0;7.0;100;11;0;13.0;16.0;0.0;8.0
car;2;1;Random;0.027;0.034;35.0;35.0;100;19;0;15.0;16.0;0.0;5.0
car;2;1;iident;0.025;0.035;5.0;7.0;100;11;0;13.0;16.0;0.0;8.0
car;2;2;Inciident;0.042;0.068;7.0;10.0;100;0;0;14.0;16.0;0.0;0.0
car;2;2;Random;0.043;0.06;55.0;55.0;100;0;0;14.0;16.0;0.0;0.0
car;2;2;iident;0.043;0.058;5.0;8.0;100;0;0;14.0;16.0;0.0;0.0
car;2;3;Inciident;0.047;0.062;9.0;12.0;100;0;0;14.0;16.0;0.0;0.0
car;2;3;Random;0.0535;0.088;67.0;67.0;100;1;0;14.0;16.0;0.0;0.0
car;2;3;iident;0.054;0.074;6.0;7.0;100;0;0;14.0;16.0;0.0;0.0
car;3;1;Inciident;0.025;0.034;5.0;6.0;100;18;0;15.0;16.0;0.0;8.0
car;3;1;Random;0.0225;0.037;16.0;35.0;100;28;0;16.0;16.0;0.0;5.0
car;3;1;iident;0.025;0.033;5.0;6.0;100;18;0;15.0;16.0;0.0;8.0
car;3;2;Inciident;0.042;0.055;7.0;10.0;100;0;0;15.0;16.0;0.0;1.0
car;3;2;Random;0.044;0.063;55.0;55.0;100;2;0;15.0;16.0;0.0;0.0
car;3;2;iident;0.043;0.055;5.0;9.0;100;2;0;15.0;16.0;0.0;0.0
car;3;3;Inciident;0.048;0.074;9.0;12.0;100;0;0;15.0;16.0;0.0;0.0
car;3;3;Random;0.057;0.083;67.0;67.0;100;0;0;15.0;16.0;0.0;0.0
car;3;3;iident;0.055;0.072;6.0;7.0;100;0;0;15.0;16.0;0.0;0.0
dell;1;1;Inciident;0.049;0.083;8.0;16.0;100;0;0;15.0;44.0;0.0;0.0
dell;1;1;Random;0.03;0.05;15.5;56.0;100;3;0;15.0;44.0;0.0;0.0
dell;1;1;iident;0.0485;0.076;8.0;16.0;100;0;0;15.0;44.0;0.0;0.0
dell;1;2;Inciident;0.1;0.154;18.0;25.0;100;0;0;15.0;44.0;0.0;0.0
dell;1;2;Random;0.0725;0.114;98.0;98.0;100;20;0;20.0;44.0;0.0;0.0
dell;1;2;iident;0.126;0.179;16.0;26.0;100;7;0;18.0;44.0;0.0;0.0
dell;1;3;Inciident;0.103;0.172;20.0;27.0;100;0;0;15.0;44.0;0.0;0.0
dell;1;3;Random;0.1265;0.19;134.0;134.0;100;23;0;20.0;44.0;0.0;0.0
dell;1;3;iident;0.199;0.291;16.0;25.0;100;17;0;19.0;44.0;0.0;0.0
dell;2;1;Inciident;0.048;0.072;8.0;12.0;100;22;0;19.5;44.0;1.0;7.0
dell;2;1;Random;0.0265;0.055;11.0;56.0;100;39;0;20.0;44.0;1.0;7.0
dell;2;1;iident;0.047;0.072;8.0;12.0;100;22;0;19.5;44.0;1.0;7.0
dell;2;2;Inciident;0.086;0.136;13.0;24.0;100;0;0;21.0;44.0;0.0;0.0
dell;2;2;Random;0.066;0.103;98.0;98.0;100;0;0;21.0;44.0;0.0;0.0
dell;2;2;iident;0.1125;0.19;13.0;26.0;100;0;0;21.0;44.0;0.0;0.0
dell;2;3;Inciident;0.112;0.177;17.0;30.0;100;0;0;21.0;44.0;0.0;0.0
dell;2;3;Random;0.12;0.174;134.0;134.0;100;6;0;21.0;44.0;0.0;0.0
dell;2;3;iident;0.2;0.332;18.0;23.0;100;0;0;21.0;44.0;0.0;0.0
dell;3;1;Inciident;0.047;0.064;8.0;10.0;100;34;0;20.0;44.0;2.0;10.0
dell;3;1;Random;0.026;0.045;10.5;56.0;100;53;0;21.0;44.0;2.0;11.0
dell;3;1;iident;0.047;0.059;8.0;10.0;100;34;0;20.0;44.0;2.0;10.0
dell;3;2;Inciident;0.087;0.142;12.5;24.0;100;6;0;22.0;46.0;0.0;14.0
dell;3;2;Random;0.0605;0.107;86.0;98.0;100;26;0;23.0;46.0;0.0;3.0
dell;3;2;iident;0.1075;0.178;12.0;20.0;100;10;0;23.0;46.0;0.0;7.0
dell;3;3;Inciident;0.118;0.191;17.0;33.0;100;0;0;22.5;46.0;0.0;0.0
dell;3;3;Random;0.11699999999999999;0.176;134.0;134.0;100;0;0;22.5;46.0;0.0;0.0
dell;3;3;iident;0.195;0.321;16.0;37.0;100;0;0;22.5;46.0;0.0;0.0
eCos-3-0_i386pc;1;1;Inciident;0.2615;0.33;12.0;14.0;10;0;0;108.5;260.0;0.0;0.0
eCos-3-0_i386pc;1;1;Random;0.162;0.236;106.0;106.0;10;0;0;108.5;260.0;0.0;0.0
eCos-3-0_i386pc;1;1;iident;0.2375;0.325;12.0;14.0;10;0;0;108.5;260.0;0.0;0.0
eCos-3-0_i386pc;1;2;Inciident;0.6585000000000001;0.764;31.0;42.0;10;0;0;108.5;260.0;0.0;0.0
eCos-3-0_i386pc;1;2;Random;0.524;0.596;198.0;198.0;10;0;0;108.5;260.0;0.0;0.0
eCos-3-0_i386pc;1;2;iident;0.98;1.061;29.0;44.0;10;0;0;108.5;260.0;0.0;0.0
eCos-3-0_i386pc;1;3;Inciident;0.7175;0.992;33.0;44.0;10;0;0;108.5;260.0;0.0;0.0
eCos-3-0_i386pc;1;3;Random;51.006;95.066;285.0;285.0;10;0;0;108.5;260.0;0.0;0.0
eCos-3-0_i386pc;1;3;iident;123.1635;166.885;30.0;42.0;10;0;0;108.5;260.0;0.0;0.0
eCos-3-0_i386pc;2;1;Inciident;0.235;0.279;11.5;15.0;10;5;0;39.0;111.0;43.0;114.0
eCos-3-0_i386pc;2;1;Random;0.069;0.183;17.5;106.0;10;8;0;74.0;111.0;1.5;3.0
eCos-3-0_i386pc;2;1;iident;0.2365;0.294;11.5;15.0;10;5;0;39.0;111.0;43.0;114.0
eCos-3-0_i386pc;2;2;Inciident;0.5115000000000001;0.692;23.5;44.0;10;0;0;130.0;262.0;0.0;0.0
eCos-3-0_i386pc;2;2;Random;0.5095000000000001;0.562;198.0;198.0;10;1;0;149.0;262.0;0.0;0.0
eCos-3-0_i386pc;2;2;iident;0.7965;0.924;22.0;37.0;10;0;0;130.0;262.0;0.0;0.0
eCos-3-0_i386pc;2;3;Inciident;0.995;1.803;45.0;97.0;10;0;0;130.0;262.0;0.0;0.0
eCos-3-0_i386pc;2;3;Random;65.7045;97.105;285.0;285.0;10;1;0;149.0;262.0;0.0;0.0
eCos-3-0_i386pc;2;3;iident;129.392;198.262;41.5;75.0;10;0;0;130.0;262.0;0.0;0.0
eCos-3-0_i386pc;3;1;Inciident;0.234;0.277;12.0;14.0;10;5;0;39.0;65.0;75.0;130.0
eCos-3-0_i386pc;3;1;Random;0.0755;0.106;19.5;32.0;10;10;0;;;;
eCos-3-0_i386pc;3;1;iident;0.235;0.262;12.0;14.0;10;5;0;39.0;65.0;75.0;130.0
eCos-3-0_i386pc;3;2;Inciident;0.5185;0.755;24.5;45.0;10;5;0;65.0;166.0;79.0;144.0
eCos-3-0_i386pc;3;2;Random;0.3995;0.509;69.5;198.0;10;8;0;94.5;124.0;0.0;0.0
eCos-3-0_i386pc;3;2;iident;0.7835000000000001;1.05;23.0;48.0;10;5;0;65.0;136.0;30.0;185.0
eCos-3-0_i386pc;3;3;Inciident;0.968;2.408;36.5;69.0;10;0;0;145.0;275.0;0.0;0.0
eCos-3-0_i386pc;3;3;Random;78.7145;117.661;285.0;285.0;10;1;0;166.0;275.0;0.0;0.0
eCos-3-0_i386pc;3;3;iident;176.7695;300.445;33.0;65.0;10;0;0;145.0;275.0;0.0;0.0
ea2468;1;1;Inciident;0.248;0.297;12.0;14.0;10;0;0;179.5;334.0;0.0;0.0
ea2468;1;1;Random;0.1855;0.219;107.0;107.0;10;0;0;179.5;334.0;0.0;0.0
ea2468;1;1;iident;0.2625;0.312;12.0;14.0;10;0;0;179.5;334.0;0.0;0.0
ea2468;1;2;Inciident;0.602;0.776;32.0;39.0;10;0;0;179.5;334.0;0.0;0.0
ea2468;1;2;Random;0.548;0.703;200.0;200.0;10;0;0;179.5;334.0;0.0;0.0
ea2468;1;2;iident;1.051;1.135;34.0;44.0;10;0;0;179.5;334.0;0.0;0.0
ea2468;1;3;Inciident;0.6375;0.889;33.5;41.0;10;0;0;179.5;334.0;0.0;0.0
ea2468;1;3;Random;54.962;144.431;287.0;287.0;10;0;0;179.5;334.0;0.0;0.0
ea2468;1;3;iident;142.4115;156.307;32.5;38.0;10;0;0;179.5;334.0;0.0;0.0
ea2468;2;1;Inciident;0.2515;0.288;11.0;14.0;10;4;0;210.5;334.0;8.5;65.0
ea2468;2;1;Random;0.077;0.144;15.5;57.0;10;9;0;208.0;208.0;2.0;2.0
ea2468;2;1;iident;0.2455;0.269;11.0;14.0;10;4;0;210.5;334.0;8.5;65.0
ea2468;2;2;Inciident;0.463;0.797;20.5;34.0;10;0;0;215.0;344.0;0.0;0.0
ea2468;2;2;Random;0.5475000000000001;0.612;200.0;200.0;10;0;0;215.0;344.0;0.0;0.0
ea2468;2;2;iident;0.843;1.179;20.0;53.0;10;0;0;215.0;344.0;0.0;0.0
ea2468;2;3;Inciident;0.9615;1.536;36.0;78.0;10;0;0;215.0;344.0;0.0;0.0
ea2468;2;3;Random;76.3375;137.468;287.0;287.0;10;1;0;210.0;344.0;0.0;0.0
ea2468;2;3;iident;140.9975;234.753;38.0;66.0;10;0;0;215.0;344.0;0.0;0.0
ea2468;3;1;Inciident;0.24;0.284;11.0;14.0;10;9;0;133.0;133.0;31.0;31.0
ea2468;3;1;Random;0.069;0.121;14.0;53.0;10;10;0;;;;
ea2468;3;1;iident;0.246;0.284;11.0;14.0;10;9;0;133.0;133.0;31.0;31.0
ea2468;3;2;Inciident;0.4735;0.614;21.0;31.0;10;3;0;217.0;334.0;7.0;65.0
ea2468;3;2;Random;0.3795;0.568;35.5;145.0;10;8;0;233.5;334.0;21.0;31.0
ea2468;3;2;iident;0.8314999999999999;1.115;20.5;52.0;10;5;0;214.0;246.0;4.0;65.0
ea2468;3;3;Inciident;0.7255;1.223;27.5;60.0;10;0;0;228.0;345.0;0.0;0.0
ea2468;3;3;Random;74.37899999999999;144.225;287.0;287.0;10;0;0;228.0;345.0;0.0;0.0
ea2468;3;3;iident;145.244;334.722;29.0;48.0;10;0;0;228.0;345.0;0.0;0.0
email;1;1;Inciident;0.024;0.031;6.0;7.0;100;0;0;4.0;7.0;0.0;0.0
email;1;1;Random;0.0225;0.031;23.0;33.0;100;0;0;4.0;7.0;0.0;0.0
email;1;1;iident;0.024;0.03;6.0;7.0;100;0;0;4.0;7.0;0.0;0.0
email;1;2;Inciident;0.036;0.053;8.0;10.0;100;0;0;4.0;7.0;0.0;0.0
email;1;2;Random;0.024;0.043;13.5;52.0;100;34;0;5.0;7.0;0.0;0.0
email;1;2;iident;0.039;0.051;7.0;8.0;100;14;0;4.0;7.0;0.0;0.0
email;1;3;Inciident;0.038;0.053;11.0;13.0;100;0;0;4.0;7.0;0.0;0.0
email;1;3;Random;0.026;0.044;9.0;62.0;100;49;0;5.0;7.0;0.0;0.0
email;1;3;iident;0.049;0.065;7.0;8.0;100;22;0;5.0;7.0;0.0;0.0
email;2;1;Inciident;0.022;0.029;5.0;6.0;100;45;0;5.0;7.0;1.0;4.0
email;2;1;Random;0.015;0.03;7.0;33.0;100;63;0;3.0;6.0;1.0;6.0
email;2;1;iident;0.023;0.029;5.0;6.0;100;45;0;5.0;7.0;1.0;4.0
email;2;2;Inciident;0.041;0.053;8.0;11.0;100;0;0;5.0;8.0;0.0;0.0
email;2;2;Random;0.037;0.043;52.0;52.0;100;0;0;5.0;8.0;0.0;0.0
email;2;2;iident;0.039;0.048;7.0;9.0;100;0;0;5.0;8.0;0.0;0.0
email;2;3;Inciident;0.045;0.068;11.0;16.0;100;0;0;5.0;8.0;0.0;0.0
email;2;3;Random;0.031;0.058;19.5;62.0;100;13;0;5.0;8.0;0.0;0.0
email;2;3;iident;0.051;0.064;7.0;9.0;100;5;0;5.0;8.0;0.0;0.0
email;3;1;Inciident;0.021;0.028;5.0;6.0;100;62;0;5.0;7.0;2.0;5.0
email;3;1;Random;0.014;0.028;6.0;33.0;100;81;0;3.0;7.0;3.0;6.0
email;3;1;iident;0.0215;0.029;5.0;6.0;100;62;0;5.0;7.0;2.0;5.0
email;3;2;Inciident;0.04;0.054;9.0;11.0;100;27;0;6.0;8.0;0.0;5.0
email;3;2;Random;0.028;0.043;32.5;52.0;100;50;0;6.0;8.0;0.0;3.0
email;3;2;iident;0.0385;0.053;7.0;9.0;100;30;0;6.0;8.0;0.0;3.0
email;3;3;Inciident;0.052;0.074;11.0;16.0;100;0;0;6.0;9.0;0.0;0.0
email;3;3;Random;0.045;0.058;62.0;62.0;100;0;0;6.0;9.0;0.0;0.0
email;3;3;iident;0.053;0.076;8.0;12.0;100;0;0;6.0;9.0;0.0;0.0
fiasco_2017-09-26_11-30-56;1;1;Inciident;0.1305;0.55;12.0;88.0;100;0;0;14.5;204.0;0.0;0.0
fiasco_2017-09-26_11-30-56;1;1;Random;0.0895;0.142;81.0;81.0;100;31;0;25.0;204.0;0.0;0.0
fiasco_2017-09-26_11-30-56;1;1;iident;0.142;0.536;12.0;88.0;100;0;0;14.5;204.0;0.0;0.0
fiasco_2017-09-26_11-30-56;1;2;Inciident;0.5055000000000001;0.763;74.5;101.0;100;0;0;14.5;204.0;0.0;0.0
fiasco_2017-09-26_11-30-56;1;2;Random;0.2155;0.272;149.0;149.0;100;54;0;148.5;204.0;0.0;0.0
fiasco_2017-09-26_11-30-56;1;2;iident;0.5825;1.147;72.0;101.0;100;10;0;17.0;204.0;0.0;0.0
fiasco_2017-09-26_11-30-56;1;3;Inciident;0.5355000000000001;0.794;76.0;103.0;100;0;0;14.5;204.0;0.0;0.0
fiasco_2017-09-26_11-30-56;1;3;Random;1.0325;4.087;211.0;211.0;100;51;0;123.0;204.0;0.0;0.0
fiasco_2017-09-26_11-30-56;1;3;iident;1.8365;51.723;72.0;183.0;100;14;0;17.5;204.0;0.0;0.0
fiasco_2017-09-26_11-30-56;2;1;Inciident;0.115;0.505;10.0;72.0;100;12;0;16.0;204.0;1.0;28.0
fiasco_2017-09-26_11-30-56;2;1;Random;0.0635;0.139;37.5;81.0;100;40;0;32.5;204.0;1.0;40.0
fiasco_2017-09-26_11-30-56;2;1;iident;0.119;0.471;10.0;72.0;100;12;0;16.0;204.0;1.0;28.0
fiasco_2017-09-26_11-30-56;2;2;Inciident;0.327;0.67;29.5;87.0;100;0;0;23.0;208.0;0.0;0.0
fiasco_2017-09-26_11-30-56;2;2;Random;0.1995;0.258;149.0;149.0;100;27;0;58.0;208.0;0.0;0.0
fiasco_2017-09-26_11-30-56;2;2;iident;0.40149999999999997;0.966;33.0;92.0;100;0;0;23.0;208.0;0.0;0.0
fiasco_2017-09-26_11-30-56;2;3;Inciident;0.5625;0.838;70.5;97.0;100;0;0;23.0;208.0;0.0;0.0
fiasco_2017-09-26_11-30-56;2;3;Random;0.7795000000000001;3.787;211.0;211.0;100;39;0;71.0;208.0;0.0;0.0
fiasco_2017-09-26_11-30-56;2;3;iident;1.612;52.394;72.5;183.0;100;3;0;25.0;208.0;0.0;0.0
fiasco_2017-09-26_11-30-56;3;1;Inciident;0.1055;0.424;10.0;62.0;100;28;0;16.0;204.0;2.0;47.0
fiasco_2017-09-26_11-30-56;3;1;Random;0.0565;0.131;23.5;81.0;100;39;0;31.0;204.0;2.0;138.0
fiasco_2017-09-26_11-30-56;3;1;iident;0.1075;0.483;10.0;62.0;100;28;0;16.0;204.0;2.0;47.0
fiasco_2017-09-26_11-30-56;3;2;Inciident;0.2375;0.757;20.0;74.0;100;2;0;32.0;204.0;1.0;21.0
fiasco_2017-09-26_11-30-56;3;2;Random;0.1975;0.257;149.0;149.0;100;33;0;86.0;209.0;0.0;13.0
fiasco_2017-09-26_11-30-56;3;2;iident;0.324;0.902;21.5;87.0;100;1;0;26.0;204.0;1.0;26.0
fiasco_2017-09-26_11-30-56;3;3;Inciident;0.4685;0.845;41.5;90.0;100;0;0;34.0;209.0;0.0;0.0
fiasco_2017-09-26_11-30-56;3;3;Random;0.707;3.705;211.0;211.0;100;28;0;61.5;209.0;0.0;0.0
fiasco_2017-09-26_11-30-56;3;3;iident;1.42;55.992;47.0;183.0;100;0;0;34.0;209.0;0.0;0.0
fiasco_2020-12-01_14-09-14;1;1;Inciident;0.1475;0.647;12.0;96.0;100;0;0;23.0;235.0;0.0;0.0
fiasco_2020-12-01_14-09-14;1;1;Random;0.096;0.154;82.0;82.0;100;41;0;28.0;235.0;0.0;0.0
fiasco_2020-12-01_14-09-14;1;1;iident;0.147;0.651;12.0;96.0;100;0;0;23.0;235.0;0.0;0.0
fiasco_2020-12-01_14-09-14;1;2;Inciident;0.5854999999999999;0.813;81.0;102.0;100;0;0;23.0;235.0;0.0;0.0
fiasco_2020-12-01_14-09-14;1;2;Random;0.23;0.271;151.0;151.0;100;56;0;54.0;235.0;0.0;0.0
fiasco_2020-12-01_14-09-14;1;2;iident;0.7035;1.318;79.0;104.0;100;13;0;25.0;235.0;0.0;0.0
fiasco_2020-12-01_14-09-14;1;3;Inciident;0.604;0.845;83.5;105.0;100;0;0;23.0;235.0;0.0;0.0
fiasco_2020-12-01_14-09-14;1;3;Random;1.2055;4.46;214.0;214.0;100;50;0;35.5;235.0;0.0;0.0
fiasco_2020-12-01_14-09-14;1;3;iident;2.3885;19.565;78.5;118.0;100;15;0;25.0;235.0;0.0;0.0
fiasco_2020-12-01_14-09-14;2;1;Inciident;0.125;0.632;10.0;91.0;100;10;0;23.0;222.0;1.0;20.0
fiasco_2020-12-01_14-09-14;2;1;Random;0.0735;0.157;39.0;82.0;100;41;0;25.0;235.0;1.0;21.0
fiasco_2020-12-01_14-09-14;2;1;iident;0.131;0.643;10.0;91.0;100;10;0;23.0;222.0;1.0;20.0
fiasco_2020-12-01_14-09-14;2;2;Inciident;0.41400000000000003;0.737;37.0;95.0;100;0;0;29.5;236.0;0.0;0.0
fiasco_2020-12-01_14-09-14;2;2;Random;0.2115;0.278;151.0;151.0;100;34;0;40.0;236.0;0.0;0.0
fiasco_2020-12-01_14-09-14;2;2;iident;0.4965;1.296;43.5;95.0;100;0;0;29.5;236.0;0.0;0.0
fiasco_2020-12-01_14-09-14;2;3;Inciident;0.6395;0.928;78.5;108.0;100;0;0;29.5;236.0;0.0;0.0
fiasco_2020-12-01_14-09-14;2;3;Random;0.9215;4.504;214.0;214.0;100;37;0;42.0;236.0;0.0;0.0
fiasco_2020-12-01_14-09-14;2;3;iident;2.1045;18.629;80.0;118.0;100;5;0;32.0;236.0;0.0;0.0
fiasco_2020-12-01_14-09-14;3;1;Inciident;0.1165;0.386;10.0;58.0;100;24;0;28.0;222.0;2.5;54.0
fiasco_2020-12-01_14-09-14;3;1;Random;0.061;0.151;27.0;82.0;100;43;0;32.0;235.0;2.0;40.0
fiasco_2020-12-01_14-09-14;3;1;iident;0.1195;0.401;10.0;58.0;100;24;0;28.0;222.0;2.5;54.0
fiasco_2020-12-01_14-09-14;3;2;Inciident;0.294;0.756;23.5;79.0;100;2;0;39.5;236.0;1.0;22.0
fiasco_2020-12-01_14-09-14;3;2;Random;0.198;0.262;151.0;151.0;100;30;0;60.5;236.0;0.0;22.0
fiasco_2020-12-01_14-09-14;3;2;iident;0.374;0.895;24.5;72.0;100;4;0;41.0;236.0;1.0;14.0
fiasco_2020-12-01_14-09-14;3;3;Inciident;0.5625;0.886;50.5;98.0;100;0;0;43.0;236.0;0.0;0.0
fiasco_2020-12-01_14-09-14;3;3;Random;0.7955000000000001;4.453;214.0;214.0;100;18;0;48.0;236.0;0.0;0.0
fiasco_2020-12-01_14-09-14;3;3;iident;1.7865;24.246;59.5;119.0;100;0;0;43.0;236.0;0.0;0.0
financial_services;1;1;Inciident;0.467;3.552;31.0;354.0;23;0;0;24.0;756.0;0.0;0.0
financial_services;1;1;Random;0.172;0.258;99.0;99.0;23;11;0;110.5;756.0;0.0;0.0
financial_services;1;1;iident;0.523;3.638;31.0;354.0;23;0;0;24.0;756.0;0.0;0.0
financial_services;1;2;Inciident;3.798;5.605;347.0;376.0;23;0;0;24.0;756.0;0.0;0.0
financial_services;1;2;Random;0.568;1.937;184.0;184.0;23;15;0;553.5;756.0;0.0;0.0
financial_services;1;2;iident;4.659;10.45;345.0;367.0;23;4;0;26.0;756.0;0.0;0.0
financial_services;1;3;Inciident;3.794;5.152;353.0;382.0;23;0;0;24.0;756.0;0.0;0.0
financial_services;1;3;Random;35.9;327.629;264.0;264.0;23;17;0;729.0;756.0;0.0;0.0
financial_services;1;3;iident;152.255;624.536;343.5;358.0;23;9;1;44.0;756.0;0.0;0.0
financial_services;2;1;Inciident;0.321;1.698;14.0;156.0;23;0;0;32.0;756.0;1.0;9.0
financial_services;2;1;Random;0.166;0.237;99.0;99.0;23;7;0;110.5;756.0;1.0;8.0
financial_services;2;1;iident;0.298;1.784;14.0;156.0;23;0;0;32.0;756.0;1.0;9.0
financial_services;2;2;Inciident;2.255;4.685;167.0;332.0;23;0;0;34.0;756.0;0.0;0.0
financial_services;2;2;Random;0.448;1.791;184.0;184.0;23;13;0;502.0;756.0;0.0;0.0
financial_services;2;2;iident;2.184;5.601;146.0;351.0;23;0;0;34.0;756.0;0.0;0.0
financial_services;2;3;Inciident;3.927;5.371;341.0;365.0;23;0;0;34.0;756.0;0.0;0.0
financial_services;2;3;Random;26.036;334.254;264.0;264.0;23;15;0;676.5;756.0;0.0;0.0
financial_services;2;3;iident;74.5895;424.918;341.5;358.0;23;2;1;34.0;756.0;0.0;0.0
financial_services;3;1;Inciident;0.257;1.7;14.0;138.0;23;2;0;92.0;756.0;2.0;124.0
financial_services;3;1;Random;0.157;0.219;99.0;99.0;23;7;0;228.5;756.0;2.0;124.0
financial_services;3;1;iident;0.266;1.601;14.0;138.0;23;2;0;92.0;756.0;2.0;124.0
financial_services;3;2;Inciident;0.842;3.735;41.0;263.0;23;0;0;77.0;756.0;1.0;9.0
financial_services;3;2;Random;0.44;1.629;184.0;184.0;23;8;0;379.0;756.0;0.0;8.0
financial_services;3;2;iident;1.37;3.486;63.0;184.0;23;0;0;77.0;756.0;1.0;9.0
financial_services;3;3;Inciident;2.43;10.361;161.0;322.0;23;0;0;78.0;756.0;0.0;0.0
financial_services;3;3;Random;23.794;338.4;264.0;264.0;23;12;0;410.0;756.0;0.0;0.0
financial_services;3;3;iident;55.1405;198.386;172.0;328.0;23;1;1;73.0;756.0;0.0;0.0
fs_2017-05-22;1;1;Inciident;0.5449999999999999;2.476;59.0;303.0;100;0;0;30.0;557.0;0.0;0.0
fs_2017-05-22;1;1;Random;0.131;0.218;94.0;94.0;100;54;0;63.0;557.0;0.0;0.0
fs_2017-05-22;1;1;iident;0.5694999999999999;2.526;59.0;303.0;100;0;0;30.0;557.0;0.0;0.0
fs_2017-05-22;1;2;Inciident;2.3685;2.918;314.0;319.0;100;0;0;30.0;557.0;0.0;0.0
fs_2017-05-22;1;2;Random;0.3395;0.924;174.0;174.0;100;84;0;521.5;557.0;0.0;0.0
fs_2017-05-22;1;2;iident;3.396;8.253;313.0;317.0;100;30;0;34.5;557.0;0.0;0.0
fs_2017-05-22;1;3;Inciident;2.3715;3.337;317.0;321.0;100;0;0;30.0;557.0;0.0;0.0
fs_2017-05-22;1;3;Random;6.0295;68.631;249.0;249.0;100;82;0;489.5;557.0;0.0;0.0
fs_2017-05-22;1;3;iident;130.8715;614.512;312.0;317.0;100;33;0;35.0;557.0;0.0;0.0
fs_2017-05-22;2;1;Inciident;0.269;2.348;17.0;288.0;100;1;0;34.0;557.0;1.0;26.0
fs_2017-05-22;2;1;Random;0.1255;0.222;94.0;94.0;100;50;0;62.0;557.0;1.0;87.0
fs_2017-05-22;2;1;iident;0.268;2.309;17.0;288.0;100;1;0;34.0;557.0;1.0;26.0
fs_2017-05-22;2;2;Inciident;1.3535;2.753;145.0;311.0;100;0;0;38.0;557.0;0.0;0.0
fs_2017-05-22;2;2;Random;0.325;0.937;174.0;174.0;100;60;0;157.5;557.0;0.0;0.0
fs_2017-05-22;2;2;iident;1.6515;8.579;127.5;314.0;100;0;0;38.0;557.0;0.0;0.0
fs_2017-05-22;2;3;Inciident;2.452;3.589;309.5;315.0;100;0;0;38.0;557.0;0.0;0.0
fs_2017-05-22;2;3;Random;5.685499999999999;66.472;249.0;249.0;100;78;0;490.0;557.0;0.0;0.0
fs_2017-05-22;2;3;iident;47.626;619.966;312.5;316.0;100;11;0;41.0;557.0;0.0;0.0
fs_2017-05-22;3;1;Inciident;0.2015;1.608;11.5;195.0;100;2;0;44.0;557.0;2.0;125.0
fs_2017-05-22;3;1;Random;0.11;0.208;71.5;94.0;100;53;0;79.0;557.0;2.0;129.0
fs_2017-05-22;3;1;iident;0.191;1.752;11.5;195.0;100;2;0;44.0;557.0;2.0;125.0
fs_2017-05-22;3;2;Inciident;0.756;2.376;59.0;278.0;100;0;0;52.0;557.0;1.0;26.0
fs_2017-05-22;3;2;Random;0.3125;0.932;174.0;174.0;100;46;0;127.0;557.0;1.0;45.0
fs_2017-05-22;3;2;iident;0.9644999999999999;5.88;69.5;287.0;100;1;0;56.0;557.0;1.0;16.0
fs_2017-05-22;3;3;Inciident;1.9175;4.012;203.0;312.0;100;0;0;56.0;557.0;0.0;0.0
fs_2017-05-22;3;3;Random;4.718;65.667;249.0;249.0;100;63;0;299.0;557.0;0.0;0.0
fs_2017-05-22;3;3;iident;26.9015;369.69;163.5;314.0;100;0;0;56.0;557.0;0.0;0.0
gpl;1;1;Inciident;0.041;0.05;7.0;10.0;100;0;0;14.5;26.0;0.0;0.0
gpl;1;1;Random;0.027;0.046;13.0;51.0;100;1;0;15.0;26.0;0.0;0.0
gpl;1;1;iident;0.041;0.048;7.0;10.0;100;0;0;14.5;26.0;0.0;0.0
gpl;1;2;Inciident;0.069;0.118;13.0;20.0;100;0;0;14.5;26.0;0.0;0.0
gpl;1;2;Random;0.058;0.086;88.0;88.0;100;13;0;16.0;26.0;0.0;0.0
gpl;1;2;iident;0.0985;0.15;11.0;15.0;100;10;0;16.0;26.0;0.0;0.0
gpl;1;3;Inciident;0.07;0.129;15.0;24.0;100;0;0;14.5;26.0;0.0;0.0
gpl;1;3;Random;0.0715;0.153;99.0;119.0;100;25;0;16.0;26.0;0.0;0.0
gpl;1;3;iident;0.143;0.199;12.0;17.0;100;11;0;16.0;26.0;0.0;0.0
gpl;2;1;Inciident;0.041;0.053;7.0;9.0;100;27;0;18.0;27.0;1.0;14.0
gpl;2;1;Random;0.025;0.044;10.0;51.0;100;47;0;18.0;27.0;1.0;5.0
gpl;2;1;iident;0.041;0.048;7.0;9.0;100;27;0;18.0;27.0;1.0;14.0
gpl;2;2;Inciident;0.07;0.114;12.0;17.0;100;0;0;18.0;29.0;0.0;0.0
gpl;2;2;Random;0.058;0.09;88.0;88.0;100;1;0;18.0;29.0;0.0;0.0
gpl;2;2;iident;0.099;0.129;11.0;15.0;100;0;0;18.0;29.0;0.0;0.0
gpl;2;3;Inciident;0.0845;0.153;15.0;25.0;100;0;0;18.0;29.0;0.0;0.0
gpl;2;3;Random;0.087;0.149;119.0;119.0;100;6;0;19.0;29.0;0.0;0.0
gpl;2;3;iident;0.1485;0.222;13.0;20.0;100;3;0;19.0;29.0;0.0;0.0
gpl;3;1;Inciident;0.039;0.048;7.0;9.0;100;48;0;18.0;26.0;2.0;14.0
gpl;3;1;Random;0.023;0.043;9.0;51.0;100;65;0;21.0;27.0;2.0;7.0
gpl;3;1;iident;0.039;0.05;7.0;9.0;100;48;0;18.0;26.0;2.0;14.0
gpl;3;2;Inciident;0.0695;0.131;12.0;18.0;100;12;0;19.5;31.0;0.0;8.0
gpl;3;2;Random;0.048;0.084;48.0;88.0;100;30;0;20.5;31.0;0.0;4.0
gpl;3;2;iident;0.099;0.156;11.0;15.0;100;24;0;20.5;31.0;0.0;7.0
gpl;3;3;Inciident;0.09;0.153;15.0;25.0;100;0;0;21.0;31.0;0.0;0.0
gpl;3;3;Random;0.083;0.144;119.0;119.0;100;1;0;21.0;31.0;0.0;0.0
gpl;3;3;iident;0.151;0.248;14.0;21.0;100;0;0;21.0;31.0;0.0;0.0
integrator_arm7;1;1;Inciident;0.2455;0.312;12.5;13.0;10;0;0;122.5;215.0;0.0;0.0
integrator_arm7;1;1;Random;0.151;0.212;74.5;106.0;10;0;0;122.5;215.0;0.0;0.0
integrator_arm7;1;1;iident;0.255;0.331;12.5;13.0;10;0;0;122.5;215.0;0.0;0.0
integrator_arm7;1;2;Inciident;0.6365000000000001;0.837;35.5;49.0;10;0;0;122.5;215.0;0.0;0.0
integrator_arm7;1;2;Random;0.5155000000000001;0.721;199.0;199.0;10;0;0;122.5;215.0;0.0;0.0
integrator_arm7;1;2;iident;1.0015;1.126;33.5;42.0;10;0;0;122.5;215.0;0.0;0.0
integrator_arm7;1;3;Inciident;0.717;0.912;37.5;51.0;10;0;0;122.5;215.0;0.0;0.0
integrator_arm7;1;3;Random;49.816500000000005;132.171;285.0;285.0;10;1;0;127.0;215.0;0.0;0.0
integrator_arm7;1;3;iident;148.6625;178.293;34.0;42.0;10;0;0;122.5;215.0;0.0;0.0
integrator_arm7;2;1;Inciident;0.2445;0.282;12.0;13.0;10;4;0;112.5;196.0;18.0;91.0
integrator_arm7;2;1;Random;0.0825;0.184;17.0;106.0;10;5;0;75.0;196.0;10.0;59.0
integrator_arm7;2;1;iident;0.2445;0.276;12.0;13.0;10;4;0;112.5;196.0;18.0;91.0
integrator_arm7;2;2;Inciident;0.543;0.707;23.0;35.0;10;0;0;183.5;228.0;0.0;0.0
integrator_arm7;2;2;Random;0.505;0.609;199.0;199.0;10;0;0;183.5;228.0;0.0;0.0
integrator_arm7;2;2;iident;0.8;0.921;21.0;32.0;10;0;0;183.5;228.0;0.0;0.0
integrator_arm7;2;3;Inciident;0.9155;1.416;46.0;57.0;10;0;0;183.5;228.0;0.0;0.0
integrator_arm7;2;3;Random;57.5875;202.059;285.0;285.0;10;0;0;183.5;228.0;0.0;0.0
integrator_arm7;2;3;iident;148.5725;206.192;39.0;46.0;10;0;0;183.5;228.0;0.0;0.0
integrator_arm7;3;1;Inciident;0.2385;0.279;12.0;13.0;10;5;0;150.0;196.0;26.0;188.0
integrator_arm7;3;1;Random;0.0785;0.165;17.0;91.0;10;10;0;;;;
integrator_arm7;3;1;iident;0.255;0.302;12.0;13.0;10;5;0;150.0;196.0;26.0;188.0
integrator_arm7;3;2;Inciident;0.504;1.02;24.5;58.0;10;3;0;195.0;224.0;2.0;16.0
integrator_arm7;3;2;Random;0.512;0.69;96.5;199.0;10;5;0;191.0;382.0;0.0;10.0
integrator_arm7;3;2;iident;0.8;1.112;24.0;49.0;10;4;0;193.0;215.0;5.5;25.0
integrator_arm7;3;3;Inciident;0.906;2.257;33.0;96.0;10;0;0;207.5;382.0;0.0;0.0
integrator_arm7;3;3;Random;77.321;202.987;285.0;285.0;10;0;0;207.5;382.0;0.0;0.0
integrator_arm7;3;3;iident;159.9655;244.594;31.5;52.0;10;0;0;207.5;382.0;0.0;0.0
lcm;1;1;Inciident;0.024;0.028;5.0;6.0;100;0;0;3.0;5.0;0.0;0.0
lcm;1;1;Random;0.024;0.03;33.0;33.0;100;0;0;3.0;5.0;0.0;0.0
lcm;1;1;iident;0.024;0.028;5.0;6.0;100;0;0;3.0;5.0;0.0;0.0
lcm;1;2;Inciident;0.036;0.047;9.0;12.0;100;0;0;3.0;5.0;0.0;0.0
lcm;1;2;Random;0.027;0.042;21.0;52.0;100;17;0;3.0;5.0;0.0;0.0
lcm;1;2;iident;0.038;0.049;7.0;8.0;100;14;0;3.0;5.0;0.0;0.0
lcm;1;3;Inciident;0.038;0.05;11.0;14.0;100;0;0;3.0;5.0;0.0;0.0
lcm;1;3;Random;0.0265;0.049;12.0;62.0;100;41;0;3.0;5.0;0.0;0.0
lcm;1;3;iident;0.045;0.058;6.0;8.0;100;29;0;3.0;5.0;0.0;0.0
lcm;2;1;Inciident;0.023;0.029;5.0;6.0;100;32;0;3.0;5.0;1.0;4.0
lcm;2;1;Random;0.016;0.029;8.0;33.0;100;63;0;5.0;5.0;0.0;2.0
lcm;2;1;iident;0.023;0.028;5.0;6.0;100;32;0;3.0;5.0;1.0;4.0
lcm;2;2;Inciident;0.039;0.048;8.0;12.0;100;0;0;5.0;7.0;0.0;0.0
lcm;2;2;Random;0.035;0.043;52.0;52.0;100;0;0;5.0;7.0;0.0;0.0
lcm;2;2;iident;0.039;0.049;7.0;8.0;100;0;0;5.0;7.0;0.0;0.0
lcm;2;3;Inciident;0.043;0.059;10.5;14.0;100;0;0;5.0;7.0;0.0;0.0
lcm;2;3;Random;0.0405;0.054;62.0;62.0;100;14;0;5.0;7.0;0.0;0.0
lcm;2;3;iident;0.05;0.064;7.0;9.0;100;9;0;5.0;7.0;0.0;0.0
lcm;3;1;Inciident;0.022;0.031;5.0;6.0;100;49;0;3.0;5.0;2.0;4.0
lcm;3;1;Random;0.015;0.022;8.0;23.0;100;77;0;5.0;5.0;2.0;4.0
lcm;3;1;iident;0.021;0.026;5.0;6.0;100;49;0;3.0;5.0;2.0;4.0
lcm;3;2;Inciident;0.04;0.05;8.0;12.0;100;8;0;5.0;9.0;0.0;4.0
lcm;3;2;Random;0.034;0.042;52.0;52.0;100;40;0;7.0;9.0;0.0;0.0
lcm;3;2;iident;0.038;0.047;7.0;8.0;100;14;0;5.0;9.0;0.0;2.0
lcm;3;3;Inciident;0.048;0.061;8.0;14.0;100;0;0;6.0;9.0;0.0;0.0
lcm;3;3;Random;0.043;0.067;62.0;62.0;100;0;0;6.0;9.0;0.0;0.0
lcm;3;3;iident;0.053;0.069;8.0;9.0;100;0;0;6.0;9.0;0.0;0.0
main_light;1;1;Inciident;0.313;0.407;13.0;15.0;3;0;0;105.0;108.0;0.0;0.0
main_light;1;1;Random;0.094;0.112;13.0;15.0;3;0;0;105.0;108.0;0.0;0.0
main_light;1;1;iident;0.324;0.343;13.0;15.0;3;0;0;105.0;108.0;0.0;0.0
main_light;1;2;Inciident;3.273;3.542;179.0;197.0;3;0;0;105.0;108.0;0.0;0.0
main_light;1;2;Random;1.399;1.412;227.0;227.0;3;0;0;105.0;108.0;0.0;0.0
main_light;1;2;iident;4.976;5.972;168.0;193.0;3;0;0;105.0;108.0;0.0;0.0
main_light;1;3;Inciident;3.585;3.61;183.0;200.0;3;0;0;105.0;108.0;0.0;0.0
main_light;1;3;Random;;;;;3;3;3;;;;
main_light;1;3;iident;;;;;3;3;3;;;;
main_light;2;1;Inciident;0.561;0.575;30.0;33.0;3;3;0;;;;
main_light;2;1;Random;0.147;0.261;38.0;119.0;3;1;0;99.0;104.0;26.0;51.0
main_light;2;1;iident;0.568;0.57;30.0;33.0;3;3;0;;;;
main_light;2;2;Inciident;2.403;3.288;93.0;116.0;3;0;0;155.0;157.0;0.0;0.0
main_light;2;2;Random;1.376;2.289;191.0;227.0;3;0;0;155.0;157.0;0.0;0.0
main_light;2;2;iident;4.914;5.486;69.0;103.0;3;0;0;155.0;157.0;0.0;0.0
main_light;2;3;Inciident;17.347;18.489;510.0;583.0;3;0;0;155.0;157.0;0.0;0.0
main_light;2;3;Random;;;;;3;3;3;;;;
main_light;2;3;iident;;;;;3;3;3;;;;
main_light;3;1;Inciident;0.576;0.617;30.0;33.0;3;3;0;;;;
main_light;3;1;Random;0.163;0.237;38.0;119.0;3;2;0;104.0;104.0;52.0;52.0
main_light;3;1;iident;0.558;0.598;30.0;33.0;3;3;0;;;;
main_light;3;2;Inciident;2.327;3.23;94.0;114.0;3;0;0;155.0;157.0;1.0;2.0
main_light;3;2;Random;1.388;2.24;148.0;227.0;3;1;0;156.5;158.0;0.5;1.0
main_light;3;2;iident;4.797;5.454;69.0;103.0;3;0;0;155.0;157.0;1.0;2.0
main_light;3;3;Inciident;10.391;13.951;134.0;343.0;3;0;0;156.0;158.0;0.0;0.0
main_light;3;3;Random;;;;;3;3;3;;;;
main_light;3;3;iident;;;;;3;3;3;;;;
soletta_2015-06-26_18-38-56;1;1;Inciident;0.068;0.083;9.0;11.0;100;0;0;39.0;68.0;0.0;0.0
soletta_2015-06-26_18-38-56;1;1;Random;0.032;0.066;12.0;69.0;100;0;0;39.0;68.0;0.0;0.0
soletta_2015-06-26_18-38-56;1;1;iident;0.07;0.083;9.0;11.0;100;0;0;39.0;68.0;0.0;0.0
soletta_2015-06-26_18-38-56;1;2;Inciident;0.11;0.194;17.5;25.0;100;0;0;39.0;68.0;0.0;0.0
soletta_2015-06-26_18-38-56;1;2;Random;0.0645;0.158;55.0;124.0;100;25;0;39.0;68.0;0.0;0.0
soletta_2015-06-26_18-38-56;1;2;iident;0.171;0.227;16.0;22.0;100;11;0;39.0;68.0;0.0;0.0
soletta_2015-06-26_18-38-56;1;3;Inciident;0.112;0.209;20.0;27.0;100;0;0;39.0;68.0;0.0;0.0
soletta_2015-06-26_18-38-56;1;3;Random;0.1755;0.343;39.0;173.0;100;36;0;39.0;68.0;0.0;0.0
soletta_2015-06-26_18-38-56;1;3;iident;0.386;0.465;17.0;21.0;100;30;0;39.0;68.0;0.0;0.0
soletta_2015-06-26_18-38-56;2;1;Inciident;0.065;0.082;9.0;11.0;100;57;0;39.0;65.0;1.0;8.0
soletta_2015-06-26_18-38-56;2;1;Random;0.028;0.054;10.0;69.0;100;69;0;39.0;68.0;1.0;6.0
soletta_2015-06-26_18-38-56;2;1;iident;0.066;0.082;9.0;11.0;100;57;0;39.0;65.0;1.0;8.0
soletta_2015-06-26_18-38-56;2;2;Inciident;0.1205;0.175;17.0;24.0;100;0;0;40.0;69.0;0.0;0.0
soletta_2015-06-26_18-38-56;2;2;Random;0.053;0.128;29.5;124.0;100;0;0;40.0;69.0;0.0;0.0
soletta_2015-06-26_18-38-56;2;2;iident;0.169;0.202;15.0;19.0;100;0;0;40.0;69.0;0.0;0.0
soletta_2015-06-26_18-38-56;2;3;Inciident;0.143;0.269;22.0;35.0;100;0;0;40.0;69.0;0.0;0.0
soletta_2015-06-26_18-38-56;2;3;Random;0.21;0.286;168.0;173.0;100;5;0;40.0;69.0;0.0;0.0
soletta_2015-06-26_18-38-56;2;3;iident;0.402;0.49;20.0;28.0;100;4;0;40.0;69.0;0.0;0.0
soletta_2015-06-26_18-38-56;3;1;Inciident;0.065;0.083;8.0;11.0;100;76;0;38.0;65.0;3.0;6.0
soletta_2015-06-26_18-38-56;3;1;Random;0.027;0.043;10.0;23.0;100;86;0;38.5;65.0;3.0;7.0
soletta_2015-06-26_18-38-56;3;1;iident;0.066;0.084;8.0;11.0;100;76;0;38.0;65.0;3.0;6.0
soletta_2015-06-26_18-38-56;3;2;Inciident;0.125;0.187;17.0;25.0;100;54;0;39.0;67.0;1.5;8.0
soletta_2015-06-26_18-38-56;3;2;Random;0.049;0.101;24.0;124.0;100;67;0;40.0;67.0;1.0;7.0
soletta_2015-06-26_18-38-56;3;2;iident;0.169;0.223;15.0;20.0;100;60;0;40.0;66.0;1.0;8.0
soletta_2015-06-26_18-38-56;3;3;Inciident;0.1595;0.296;23.0;41.0;100;0;0;41.5;71.0;0.0;0.0
soletta_2015-06-26_18-38-56;3;3;Random;0.203;0.302;67.5;173.0;100;0;0;41.5;71.0;0.0;0.0
soletta_2015-06-26_18-38-56;3;3;iident;0.412;0.478;21.0;32.0;100;0;0;41.5;71.0;0.0;0.0
toybox_2006-10-31_23-30-06;1;1;Inciident;0.032;0.039;7.0;8.0;100;0;0;2.0;2.0;0.0;0.0
toybox_2006-10-31_23-30-06;1;1;Random;0.022;0.03;10.0;23.0;100;0;0;2.0;2.0;0.0;0.0
toybox_2006-10-31_23-30-06;1;1;iident;0.032;0.038;7.0;8.0;100;0;0;2.0;2.0;0.0;0.0
toybox_2006-10-31_23-30-06;1;2;Inciident;0.042;0.053;10.0;13.0;100;0;0;2.0;2.0;0.0;0.0
toybox_2006-10-31_23-30-06;1;2;Random;0.03;0.036;16.0;32.0;100;0;0;2.0;2.0;0.0;0.0
toybox_2006-10-31_23-30-06;1;2;iident;0.063;0.076;10.0;11.0;100;0;0;2.0;2.0;0.0;0.0
toybox_2006-10-31_23-30-06;1;3;Inciident;0.044;0.054;12.0;15.0;100;0;0;2.0;2.0;0.0;0.0
toybox_2006-10-31_23-30-06;1;3;Random;0.0315;0.043;12.0;23.0;100;55;0;2.0;2.0;0.0;0.0
toybox_2006-10-31_23-30-06;1;3;iident;0.097;0.111;11.0;12.0;100;60;0;2.0;2.0;0.0;0.0
toybox_2006-10-31_23-30-06;2;1;Inciident;0.03;0.037;7.0;8.0;100;46;0;2.0;5.0;2.0;3.0
toybox_2006-10-31_23-30-06;2;1;Random;0.019;0.028;8.0;23.0;100;54;0;2.0;5.0;1.0;5.0
toybox_2006-10-31_23-30-06;2;1;iident;0.0295;0.039;7.0;8.0;100;46;0;2.0;5.0;2.0;3.0
toybox_2006-10-31_23-30-06;2;2;Inciident;0.046;0.065;10.0;15.0;100;0;0;3.0;5.0;0.0;0.0
toybox_2006-10-31_23-30-06;2;2;Random;0.031;0.05;17.0;73.0;100;0;0;3.0;5.0;0.0;0.0
toybox_2006-10-31_23-30-06;2;2;iident;0.065;0.078;10.0;13.0;100;0;0;3.0;5.0;0.0;0.0
toybox_2006-10-31_23-30-06;2;3;Inciident;0.052;0.085;13.0;19.0;100;0;0;3.0;5.0;0.0;0.0
toybox_2006-10-31_23-30-06;2;3;Random;0.0415;0.071;23.0;95.0;100;4;0;3.0;5.0;0.0;0.0
toybox_2006-10-31_23-30-06;2;3;iident;0.1;0.12;12.0;14.0;100;3;0;3.0;5.0;0.0;0.0
toybox_2006-10-31_23-30-06;3;1;Inciident;0.028;0.034;6.0;8.0;100;71;0;2.0;5.0;2.0;6.0
toybox_2006-10-31_23-30-06;3;1;Random;0.018;0.025;8.0;16.0;100;72;0;2.0;5.0;2.0;5.0
toybox_2006-10-31_23-30-06;3;1;iident;0.028;0.036;6.0;8.0;100;71;0;2.0;5.0;2.0;6.0
toybox_2006-10-31_23-30-06;3;2;Inciident;0.048;0.069;11.0;15.0;100;32;0;3.0;6.0;1.0;6.0
toybox_2006-10-31_23-30-06;3;2;Random;0.03;0.056;16.0;73.0;100;46;0;3.0;6.0;0.0;3.0
toybox_2006-10-31_23-30-06;3;2;iident;0.063;0.076;10.0;11.0;100;40;0;3.0;6.0;0.0;4.0
toybox_2006-10-31_23-30-06;3;3;Inciident;0.0555;0.092;14.0;22.0;100;0;0;4.0;8.0;0.0;0.0
toybox_2006-10-31_23-30-06;3;3;Random;0.046;0.073;37.5;95.0;100;1;0;4.0;8.0;0.0;0.0
toybox_2006-10-31_23-30-06;3;3;iident;0.1015;0.124;12.0;16.0;100;0;0;4.0;8.0;0.0;0.0
toybox_2020-12-06_00-02-46;1;1;Inciident;0.115;0.136;11.0;12.0;100;0;0;25.0;28.0;0.0;0.0
toybox_2020-12-06_00-02-46;1;1;Random;0.039;0.085;13.0;86.0;100;0;0;25.0;28.0;0.0;0.0
toybox_2020-12-06_00-02-46;1;1;iident;0.1285;0.152;11.0;12.0;100;0;0;25.0;28.0;0.0;0.0
toybox_2020-12-06_00-02-46;1;2;Inciident;0.1585;0.208;18.0;22.0;100;0;0;25.0;28.0;0.0;0.0
toybox_2020-12-06_00-02-46;1;2;Random;0.1125;0.199;28.0;159.0;100;51;0;25.0;28.0;0.0;0.0
toybox_2020-12-06_00-02-46;1;2;iident;0.314;0.392;18.0;23.0;100;30;0;25.0;28.0;0.0;0.0
toybox_2020-12-06_00-02-46;1;3;Inciident;0.173;0.221;21.0;25.0;100;0;0;25.0;28.0;0.0;0.0
toybox_2020-12-06_00-02-46;1;3;Random;1.006;1.339;25.0;226.0;100;56;0;25.0;28.0;0.0;0.0
toybox_2020-12-06_00-02-46;1;3;iident;2.3295000000000003;4.539;20.0;23.0;100;37;0;25.0;28.0;0.0;0.0
toybox_2020-12-06_00-02-46;2;1;Inciident;0.114;0.135;10.0;12.0;100;69;0;24.0;28.0;2.0;11.0
toybox_2020-12-06_00-02-46;2;1;Random;0.035;0.048;11.0;23.0;100;80;0;24.5;26.0;2.0;2.0
toybox_2020-12-06_00-02-46;2;1;iident;0.128;0.146;10.0;12.0;100;69;0;24.0;28.0;2.0;11.0
toybox_2020-12-06_00-02-46;2;2;Inciident;0.2;0.319;21.0;29.0;100;0;0;26.0;35.0;0.0;0.0
toybox_2020-12-06_00-02-46;2;2;Random;0.119;0.199;29.0;159.0;100;0;0;26.0;35.0;0.0;0.0
toybox_2020-12-06_00-02-46;2;2;iident;0.325;0.381;19.0;24.0;100;0;0;26.0;35.0;0.0;0.0
toybox_2020-12-06_00-02-46;2;3;Inciident;0.23;0.397;26.0;38.0;100;0;0;26.0;35.0;0.0;0.0
toybox_2020-12-06_00-02-46;2;3;Random;1.199;1.868;49.0;226.0;100;30;0;26.0;35.0;0.0;0.0
toybox_2020-12-06_00-02-46;2;3;iident;3.0655;6.04;25.0;34.0;100;10;0;26.0;35.0;0.0;0.0
toybox_2020-12-06_00-02-46;3;1;Inciident;0.1125;0.14;10.0;12.0;100;86;0;24.0;25.0;3.0;7.0
toybox_2020-12-06_00-02-46;3;1;Random;0.034;0.05;11.0;18.0;100;91;0;24.0;27.0;3.0;4.0
toybox_2020-12-06_00-02-46;3;1;iident;0.128;0.151;10.0;12.0;100;86;0;24.0;25.0;3.0;7.0
toybox_2020-12-06_00-02-46;3;2;Inciident;0.2225;0.339;23.0;29.0;100;73;0;25.0;27.0;2.0;12.0
toybox_2020-12-06_00-02-46;3;2;Random;0.124;0.17;31.0;86.0;100;88;0;25.0;26.0;2.0;11.0
toybox_2020-12-06_00-02-46;3;2;iident;0.3375;0.417;20.0;25.0;100;81;0;25.0;26.0;3.0;5.0
toybox_2020-12-06_00-02-46;3;3;Inciident;0.3165;0.644;35.0;52.0;100;0;0;27.0;36.0;0.0;0.0
toybox_2020-12-06_00-02-46;3;3;Random;1.4735;2.393;54.5;226.0;100;0;0;27.0;36.0;0.0;0.0
toybox_2020-12-06_00-02-46;3;3;iident;3.7495000000000003;6.698;31.0;47.0;100;0;0;27.0;36.0;0.0;0.0
uclibc_2008-06-05_13-46-47;1;1;Inciident;0.113;0.506;11.0;82.0;100;0;0;13.0;129.0;0.0;0.0
uclibc_2008-06-05_13-46-47;1;1;Random;0.05;0.13;14.0;83.0;100;9;0;13.0;129.0;0.0;0.0
uclibc_2008-06-05_13-46-47;1;1;iident;0.115;0.507;11.0;82.0;100;0;0;13.0;129.0;0.0;0.0
uclibc_2008-06-05_13-46-47;1;2;Inciident;0.54;1.198;84.5;172.0;100;0;0;13.0;129.0;0.0;0.0
uclibc_2008-06-05_13-46-47;1;2;Random;0.211;0.254;153.0;153.0;100;18;0;13.0;129.0;0.0;0.0
uclibc_2008-06-05_13-46-47;1;2;iident;0.5965;1.433;83.0;174.0;100;5;0;13.0;129.0;0.0;0.0
uclibc_2008-06-05_13-46-47;1;3;Inciident;0.5415000000000001;1.206;87.0;172.0;100;0;0;13.0;129.0;0.0;0.0
uclibc_2008-06-05_13-46-47;1;3;Random;0.758;1.741;217.0;217.0;100;16;0;13.5;129.0;0.0;0.0
uclibc_2008-06-05_13-46-47;1;3;iident;2.0235;8.644;82.0;223.0;100;4;0;13.0;129.0;0.0;0.0
uclibc_2008-06-05_13-46-47;2;1;Inciident;0.1075;0.485;10.0;82.0;100;30;0;12.0;116.0;1.0;18.0
uclibc_2008-06-05_13-46-47;2;1;Random;0.0465;0.135;13.0;83.0;100;45;0;12.0;116.0;1.0;18.0
uclibc_2008-06-05_13-46-47;2;1;iident;0.112;0.452;10.0;82.0;100;30;0;12.0;116.0;1.0;18.0
uclibc_2008-06-05_13-46-47;2;2;Inciident;0.2235;1.203;22.0;170.0;100;0;0;15.0;130.0;0.0;0.0
uclibc_2008-06-05_13-46-47;2;2;Random;0.161;0.27;153.0;153.0;100;6;0;15.0;130.0;0.0;0.0
uclibc_2008-06-05_13-46-47;2;2;iident;0.2965;1.321;20.5;166.0;100;0;0;15.0;130.0;0.0;0.0
uclibc_2008-06-05_13-46-47;2;3;Inciident;0.5974999999999999;1.294;87.0;174.0;100;0;0;15.0;130.0;0.0;0.0
uclibc_2008-06-05_13-46-47;2;3;Random;0.753;1.872;217.0;217.0;100;7;0;15.0;130.0;0.0;0.0
uclibc_2008-06-05_13-46-47;2;3;iident;1.8889999999999998;7.51;86.0;237.0;100;1;0;15.0;130.0;0.0;0.0
uclibc_2008-06-05_13-46-47;3;1;Inciident;0.1025;0.137;10.0;12.0;100;58;0;11.5;116.0;2.0;19.0
uclibc_2008-06-05_13-46-47;3;1;Random;0.044;0.097;12.0;83.0;100;73;0;17.0;131.0;2.0;20.0
uclibc_2008-06-05_13-46-47;3;1;iident;0.109;0.139;10.0;12.0;100;58;0;11.5;116.0;2.0;19.0
uclibc_2008-06-05_13-46-47;3;2;Inciident;0.191;1.194;20.0;172.0;100;17;0;16.0;140.0;1.0;20.0
uclibc_2008-06-05_13-46-47;3;2;Random;0.116;0.254;41.5;153.0;100;26;0;16.0;140.0;1.0;20.0
uclibc_2008-06-05_13-46-47;3;2;iident;0.279;1.264;19.0;166.0;100;24;0;15.5;140.0;1.0;18.0
uclibc_2008-06-05_13-46-47;3;3;Inciident;0.433;1.287;42.5;176.0;100;0;0;19.5;140.0;0.0;0.0
uclibc_2008-06-05_13-46-47;3;3;Random;0.7495;1.909;217.0;217.0;100;0;0;19.5;140.0;0.0;0.0
uclibc_2008-06-05_13-46-47;3;3;iident;1.7934999999999999;7.581;44.5;237.0;100;0;0;19.5;140.0;0.0;0.0
uclibc_2020-12-24_11-54-53;1;1;Inciident;0.112;0.463;11.0;62.0;100;0;0;17.0;130.0;0.0;0.0
uclibc_2020-12-24_11-54-53;1;1;Random;0.048;0.122;14.0;84.0;100;4;0;17.0;130.0;0.0;0.0
uclibc_2020-12-24_11-54-53;1;1;iident;0.117;0.431;11.0;62.0;100;0;0;17.0;130.0;0.0;0.0
uclibc_2020-12-24_11-54-53;1;2;Inciident;0.4775;1.36;69.5;187.0;100;0;0;17.0;130.0;0.0;0.0
uclibc_2020-12-24_11-54-53;1;2;Random;0.205;0.252;154.0;154.0;100;10;0;17.0;130.0;0.0;0.0
uclibc_2020-12-24_11-54-53;1;2;iident;0.562;1.538;69.0;197.0;100;3;0;17.0;130.0;0.0;0.0
uclibc_2020-12-24_11-54-53;1;3;Inciident;0.4835;1.367;72.0;188.0;100;0;0;17.0;130.0;0.0;0.0
uclibc_2020-12-24_11-54-53;1;3;Random;0.8394999999999999;1.95;218.0;218.0;100;10;0;17.0;130.0;0.0;0.0
uclibc_2020-12-24_11-54-53;1;3;iident;2.042;24.06;67.0;299.0;100;2;0;17.0;130.0;0.0;0.0
uclibc_2020-12-24_11-54-53;2;1;Inciident;0.108;0.31;10.0;34.0;100;41;0;16.0;130.0;1.0;16.0
uclibc_2020-12-24_11-54-53;2;1;Random;0.046;0.108;12.0;84.0;100;45;0;16.0;130.0;1.0;16.0
uclibc_2020-12-24_11-54-53;2;1;iident;0.1155;0.303;10.0;34.0;100;41;0;16.0;130.0;1.0;16.0
uclibc_2020-12-24_11-54-53;2;2;Inciident;0.2295;1.284;22.5;182.0;100;0;0;21.0;131.0;0.0;0.0
uclibc_2020-12-24_11-54-53;2;2;Random;0.161;0.253;154.0;154.0;100;3;0;21.0;131.0;0.0;0.0
uclibc_2020-12-24_11-54-53;2;2;iident;0.2925;1.472;20.0;186.0;100;0;0;21.0;131.0;0.0;0.0
uclibc_2020-12-24_11-54-53;2;3;Inciident;0.539;1.485;73.5;201.0;100;0;0;21.0;131.0;0.0;0.0
uclibc_2020-12-24_11-54-53;2;3;Random;0.8725;1.935;218.0;218.0;100;6;0;21.0;131.0;0.0;0.0
uclibc_2020-12-24_11-54-53;2;3;iident;1.9755;15.422;73.0;296.0;100;0;0;21.0;131.0;0.0;0.0
uclibc_2020-12-24_11-54-53;3;1;Inciident;0.106;0.137;10.0;13.0;100;63;0;16.0;130.0;3.0;16.0
uclibc_2020-12-24_11-54-53;3;1;Random;0.044;0.108;12.0;84.0;100;62;0;16.5;130.0;2.0;19.0
uclibc_2020-12-24_11-54-53;3;1;iident;0.116;0.14;10.0;13.0;100;63;0;16.0;130.0;3.0;16.0
uclibc_2020-12-24_11-54-53;3;2;Inciident;0.205;1.327;22.0;184.0;100;9;0;21.0;130.0;1.0;29.0
uclibc_2020-12-24_11-54-53;3;2;Random;0.1215;0.249;46.5;154.0;100;22;0;22.0;130.0;1.0;25.0
uclibc_2020-12-24_11-54-53;3;2;iident;0.2845;1.489;19.0;184.0;100;18;0;21.0;130.0;1.0;10.0
uclibc_2020-12-24_11-54-53;3;3;Inciident;0.4285;1.601;43.0;201.0;100;0;0;22.5;132.0;0.0;0.0
uclibc_2020-12-24_11-54-53;3;3;Random;0.922;2.105;218.0;218.0;100;3;0;22.0;132.0;0.0;0.0
uclibc_2020-12-24_11-54-53;3;3;iident;1.9220000000000002;14.711;43.5;287.0;100;0;0;22.5;132.0;0.0;0.0
